-- MySQL dump 10.13  Distrib 8.0.23, for Linux (x86_64)
--
-- Host: localhost    Database: vk
-- ------------------------------------------------------
-- Server version	8.0.23-0ubuntu0.20.04.1

/*!40101 SET @OLD_CHARACTER_SET_CLIENT=@@CHARACTER_SET_CLIENT */;
/*!40101 SET @OLD_CHARACTER_SET_RESULTS=@@CHARACTER_SET_RESULTS */;
/*!40101 SET @OLD_COLLATION_CONNECTION=@@COLLATION_CONNECTION */;
/*!50503 SET NAMES utf8mb4 */;
/*!40103 SET @OLD_TIME_ZONE=@@TIME_ZONE */;
/*!40103 SET TIME_ZONE='+00:00' */;
/*!40014 SET @OLD_UNIQUE_CHECKS=@@UNIQUE_CHECKS, UNIQUE_CHECKS=0 */;
/*!40014 SET @OLD_FOREIGN_KEY_CHECKS=@@FOREIGN_KEY_CHECKS, FOREIGN_KEY_CHECKS=0 */;
/*!40101 SET @OLD_SQL_MODE=@@SQL_MODE, SQL_MODE='NO_AUTO_VALUE_ON_ZERO' */;
/*!40111 SET @OLD_SQL_NOTES=@@SQL_NOTES, SQL_NOTES=0 */;

--
-- Table structure for table `communities`
--

DROP TABLE IF EXISTS `communities`;
/*!40101 SET @saved_cs_client     = @@character_set_client */;
/*!50503 SET character_set_client = utf8mb4 */;
CREATE TABLE `communities` (
  `id` int unsigned NOT NULL AUTO_INCREMENT COMMENT 'Идентификатор сроки',
  `name` varchar(150) NOT NULL COMMENT 'Название группы',
  `created_at` datetime DEFAULT CURRENT_TIMESTAMP COMMENT 'Время создания строки',
  `updated_at` datetime DEFAULT CURRENT_TIMESTAMP ON UPDATE CURRENT_TIMESTAMP COMMENT 'Время обновления строки',
  PRIMARY KEY (`id`),
  UNIQUE KEY `name` (`name`)
) ENGINE=InnoDB AUTO_INCREMENT=101 DEFAULT CHARSET=utf8mb4 COLLATE=utf8mb4_0900_ai_ci COMMENT='Группы';
/*!40101 SET character_set_client = @saved_cs_client */;

--
-- Dumping data for table `communities`
--

LOCK TABLES `communities` WRITE;
/*!40000 ALTER TABLE `communities` DISABLE KEYS */;
INSERT INTO `communities` VALUES (1,'voluptas','1992-10-06 09:41:15','1980-07-23 03:27:57'),(2,'sint','1992-09-29 05:05:21','2004-12-10 14:29:57'),(3,'facere','1997-12-24 04:42:02','1972-08-05 04:59:19'),(4,'et','1980-05-01 23:40:47','1970-07-03 19:15:02'),(5,'animi','1978-07-31 09:36:24','1985-08-04 09:03:27'),(6,'consequatur','1976-11-30 12:09:58','2000-01-27 04:04:56'),(7,'rerum','1982-11-26 02:04:06','2003-03-21 00:04:32'),(8,'neque','1997-10-01 22:56:51','2008-06-07 16:13:37'),(9,'veniam','1995-10-27 23:56:00','1993-02-14 19:17:28'),(10,'a','1990-05-07 19:54:13','1997-07-17 22:57:37'),(11,'iste','2000-04-22 04:22:20','1998-12-11 16:43:50'),(12,'officiis','1988-02-06 09:15:52','1998-12-13 12:49:30'),(13,'omnis','2008-04-06 21:14:39','1989-03-09 04:19:21'),(14,'aut','1976-03-08 19:09:03','2013-01-22 15:42:18'),(15,'accusamus','2001-06-11 07:50:00','1987-05-27 01:55:30'),(16,'corporis','2002-11-30 04:37:06','2018-12-21 12:52:18'),(17,'pariatur','1993-01-01 06:10:30','1980-11-08 10:18:46'),(18,'possimus','1970-10-05 23:28:11','1999-03-23 10:07:51'),(19,'sed','1982-12-07 23:46:37','1990-05-07 22:49:22'),(20,'nulla','1990-06-03 22:16:19','1976-04-06 02:57:28'),(21,'dicta','1971-06-14 02:54:49','2001-12-04 17:38:13'),(22,'ut','2017-03-20 18:50:32','1998-07-17 11:44:00'),(23,'ratione','2006-02-21 13:40:11','2018-05-03 18:14:04'),(24,'qui','2009-11-13 06:50:42','2000-11-26 23:25:49'),(25,'iusto','2018-03-31 01:38:04','2010-06-21 13:16:52'),(26,'repellat','2016-04-22 06:37:26','2010-08-08 21:56:43'),(27,'officia','2017-11-19 20:33:04','2006-02-22 08:11:32'),(28,'debitis','1991-05-31 05:43:28','1982-09-18 02:56:52'),(29,'itaque','1976-09-24 15:12:33','1983-08-25 17:41:20'),(30,'nesciunt','1996-07-26 01:11:05','1987-10-15 16:16:38'),(31,'deleniti','1988-05-08 18:34:56','1978-12-29 22:42:40'),(32,'illum','1981-05-26 12:15:07','2000-01-01 20:29:53'),(33,'facilis','1987-08-24 01:00:41','1975-11-05 05:27:36'),(34,'tempora','1978-08-23 16:48:19','1973-10-12 09:32:46'),(35,'voluptatum','1985-03-28 09:24:21','2015-02-03 10:41:28'),(36,'quos','2010-06-04 06:35:22','1981-09-20 10:31:33'),(37,'est','1999-01-23 08:54:07','2003-12-22 04:01:06'),(38,'quo','2005-12-22 20:00:13','2020-04-30 10:12:03'),(39,'corrupti','2018-10-05 10:17:43','1982-06-14 19:30:46'),(40,'id','1986-04-21 08:57:20','1974-12-17 18:28:29'),(41,'quae','2003-11-10 18:15:58','1979-06-03 21:26:41'),(42,'voluptatem','2001-03-29 17:04:20','1995-03-17 16:23:35'),(43,'dignissimos','1998-04-20 15:38:03','1979-12-13 07:51:17'),(44,'fugit','2011-11-28 22:25:39','1976-05-25 17:32:28'),(45,'odit','2020-05-27 21:35:15','1997-05-19 18:34:44'),(46,'enim','1993-12-23 19:44:35','1986-12-22 12:14:54'),(47,'incidunt','1990-11-19 05:01:32','2011-07-13 22:38:01'),(48,'autem','2002-06-15 17:31:24','1985-04-19 07:07:24'),(49,'quia','1995-08-07 08:57:37','2008-04-25 00:34:16'),(50,'ipsum','2016-04-03 00:21:52','2001-08-27 15:12:15'),(51,'commodi','2005-10-29 22:15:38','1989-12-05 14:03:59'),(52,'quas','1976-10-20 01:21:17','2012-03-02 00:56:43'),(53,'dolore','1972-11-12 17:37:31','1993-05-05 05:49:20'),(54,'ipsam','1974-04-08 04:55:53','1974-04-08 08:06:47'),(55,'molestiae','1994-03-05 06:32:21','1992-05-08 03:19:22'),(56,'amet','2006-03-27 00:37:24','1973-08-29 21:51:54'),(57,'esse','2014-01-16 22:31:04','2011-03-20 05:57:07'),(58,'eveniet','2014-08-14 22:36:57','1998-05-10 05:38:20'),(59,'maiores','2001-11-22 23:50:16','2009-08-18 10:29:46'),(60,'aspernatur','1990-10-21 16:38:39','1994-07-14 01:58:33'),(61,'sit','1996-04-25 07:41:43','2018-07-02 18:11:24'),(62,'soluta','2018-12-12 05:58:32','2021-01-04 18:53:31'),(63,'alias','1993-12-10 09:41:14','1978-08-01 04:34:13'),(64,'quidem','1974-02-15 07:20:47','1990-08-09 03:05:16'),(65,'nisi','1985-03-06 03:54:13','1982-06-19 08:25:36'),(66,'voluptate','1995-06-18 21:22:41','2007-09-27 11:19:32'),(67,'libero','2006-02-18 19:50:22','1970-09-19 04:15:01'),(68,'minima','1994-08-26 23:44:27','2010-10-04 13:35:18'),(69,'inventore','2010-12-03 07:25:37','2015-03-11 14:45:21'),(70,'consectetur','1989-11-22 01:48:07','2002-05-16 06:00:49'),(71,'impedit','2008-05-19 09:08:15','2004-08-23 21:23:32'),(72,'sequi','2004-11-12 15:20:26','1980-03-20 01:59:31'),(73,'architecto','2001-12-30 11:41:13','2009-04-12 19:59:40'),(74,'sunt','2008-03-24 03:22:48','1985-01-17 00:37:11'),(75,'reprehenderit','1993-11-29 14:31:28','1974-02-01 20:39:45'),(76,'at','2012-07-18 22:41:02','2012-01-03 22:54:37'),(77,'fuga','1989-12-02 22:54:44','1999-10-05 00:21:32'),(78,'ea','1978-08-27 16:52:22','1974-05-02 00:03:34'),(79,'eos','1973-07-27 19:25:18','1990-03-23 08:17:28'),(80,'cum','2015-08-30 06:00:53','2003-09-06 23:59:52'),(81,'optio','1986-06-28 23:14:13','1992-03-19 19:46:46'),(82,'laudantium','1992-05-06 11:50:26','1986-02-15 17:08:29'),(83,'laborum','1995-09-10 13:14:29','2018-12-16 18:54:35'),(84,'perferendis','2015-06-28 08:20:17','1984-12-07 20:20:04'),(85,'distinctio','2001-11-12 22:42:03','1994-12-31 17:50:33'),(86,'totam','1990-11-08 17:13:02','1999-07-24 16:20:37'),(87,'beatae','2013-08-28 00:34:41','2005-08-03 18:55:28'),(88,'harum','2006-09-27 18:59:44','1972-09-12 12:52:57'),(89,'culpa','2002-05-07 17:42:34','2008-02-13 16:02:35'),(90,'eligendi','1992-04-30 19:39:51','1983-08-30 13:34:26'),(91,'aliquid','2010-03-20 14:15:57','2008-06-22 08:59:21'),(92,'fugiat','1998-02-15 01:32:14','1989-01-24 02:23:27'),(93,'nostrum','1997-07-09 02:29:32','2014-12-11 16:04:21'),(94,'quibusdam','1984-04-15 18:12:50','1979-07-02 21:26:27'),(95,'doloribus','2003-05-21 18:24:02','1984-11-10 07:44:29'),(96,'consequuntur','1994-03-28 06:05:49','1988-12-31 10:56:15'),(97,'vitae','1974-05-22 21:50:07','1993-06-25 10:10:37'),(98,'placeat','2017-11-24 01:59:44','2003-12-07 17:33:06'),(99,'veritatis','2013-08-02 23:28:47','1993-12-05 09:48:48'),(100,'odio','1974-11-11 11:16:34','2005-12-30 22:22:13');
/*!40000 ALTER TABLE `communities` ENABLE KEYS */;
UNLOCK TABLES;

--
-- Table structure for table `communities_users`
--

DROP TABLE IF EXISTS `communities_users`;
/*!40101 SET @saved_cs_client     = @@character_set_client */;
/*!50503 SET character_set_client = utf8mb4 */;
CREATE TABLE `communities_users` (
  `community_id` int unsigned NOT NULL COMMENT 'Ссылка на группу',
  `user_id` int unsigned NOT NULL COMMENT 'Ссылка на пользователя',
  `created_at` datetime DEFAULT CURRENT_TIMESTAMP COMMENT 'Время создания строки',
  PRIMARY KEY (`community_id`,`user_id`) COMMENT 'Составной первичный ключ',
  KEY `comm_users_fk_user_id` (`user_id`),
  CONSTRAINT `comm_users_fk_comm_id` FOREIGN KEY (`community_id`) REFERENCES `communities` (`id`),
  CONSTRAINT `comm_users_fk_user_id` FOREIGN KEY (`user_id`) REFERENCES `users` (`id`)
) ENGINE=InnoDB DEFAULT CHARSET=utf8mb4 COLLATE=utf8mb4_0900_ai_ci COMMENT='Участники групп, связь между пользователями и группами';
/*!40101 SET character_set_client = @saved_cs_client */;

--
-- Dumping data for table `communities_users`
--

LOCK TABLES `communities_users` WRITE;
/*!40000 ALTER TABLE `communities_users` DISABLE KEYS */;
INSERT INTO `communities_users` VALUES (1,1,'1989-08-28 11:59:50'),(2,2,'1981-03-20 02:04:24'),(3,3,'2011-12-09 03:23:55'),(4,4,'2013-10-14 18:02:07'),(5,5,'1998-07-31 19:57:09'),(6,6,'2009-04-29 01:44:15'),(7,7,'2004-05-02 02:09:15'),(8,8,'1980-08-12 13:33:47'),(9,9,'1991-02-12 20:05:22'),(10,10,'1994-03-18 19:37:28'),(11,11,'2002-01-17 05:41:56'),(12,12,'2007-11-04 07:58:54'),(13,13,'1991-02-21 12:58:23'),(14,14,'1975-01-30 01:53:47'),(15,15,'2019-10-09 02:20:05'),(16,16,'1970-11-13 01:39:46'),(17,17,'1976-09-13 13:03:57'),(18,18,'1997-08-03 13:15:37'),(19,19,'2020-03-13 10:30:24'),(20,20,'1979-06-06 02:56:50'),(21,21,'1982-10-03 18:58:00'),(22,22,'2014-07-07 05:27:19'),(23,23,'1970-12-11 21:14:49'),(24,24,'2019-11-08 06:02:44'),(25,25,'1980-03-29 02:00:17'),(26,26,'1986-08-02 22:19:26'),(27,27,'1980-06-16 19:20:04'),(28,28,'1980-05-25 02:25:33'),(29,29,'1999-12-31 07:41:00'),(30,30,'1992-11-16 08:48:20'),(31,31,'1993-08-01 23:41:59'),(32,32,'1975-12-04 14:36:13'),(33,33,'1991-10-31 11:13:14'),(34,34,'2003-11-26 02:09:35'),(35,35,'2007-02-27 00:31:26'),(36,36,'2017-08-12 03:10:40'),(37,37,'2020-03-04 12:20:51'),(38,38,'1984-10-26 13:37:49'),(39,39,'1983-04-21 23:47:00'),(40,40,'1978-12-24 00:18:23'),(41,41,'1991-04-04 20:15:02'),(42,42,'2011-05-08 11:54:56'),(43,43,'1996-03-29 00:18:32'),(44,44,'1988-03-08 03:49:30'),(45,45,'2012-09-18 23:01:44'),(46,46,'2012-10-09 18:22:31'),(47,47,'1982-04-13 23:41:34'),(48,48,'1989-07-11 07:08:53'),(49,49,'1988-09-07 15:47:50'),(50,50,'2009-01-02 14:19:58'),(51,51,'1995-04-25 07:45:24'),(52,52,'2008-12-23 01:31:37'),(53,53,'2017-10-14 07:25:33'),(54,54,'2005-12-11 16:13:09'),(55,55,'1976-09-13 00:14:20'),(56,56,'2007-06-15 06:22:19'),(57,57,'1996-08-06 18:28:09'),(58,58,'1989-10-21 10:38:33'),(59,59,'1983-01-26 13:37:19'),(60,60,'1992-02-16 09:13:44'),(61,61,'1993-11-09 23:10:58'),(62,62,'1975-09-08 09:37:11'),(63,63,'1999-01-12 06:26:14'),(64,64,'1972-07-14 07:36:05'),(65,65,'2017-12-11 18:40:49'),(66,66,'1991-10-20 17:44:42'),(67,67,'1986-06-25 12:27:09'),(68,68,'1979-09-09 10:41:49'),(69,69,'2021-02-03 13:39:42'),(70,70,'2020-01-06 10:17:45'),(71,71,'1986-01-02 02:25:04'),(72,72,'2006-06-09 17:20:14'),(73,73,'1991-01-24 12:49:29'),(74,74,'2003-10-01 05:00:29'),(75,75,'1992-01-05 06:35:42'),(76,76,'1997-07-05 07:34:26'),(77,77,'1989-01-16 07:05:55'),(78,78,'2003-02-07 12:29:31'),(79,79,'2015-08-18 16:02:31'),(80,80,'2017-01-16 19:00:18'),(81,81,'2018-03-16 02:47:20'),(82,82,'2007-07-29 11:36:48'),(83,83,'2001-06-20 15:01:48'),(84,84,'1997-03-03 07:07:40'),(85,85,'1970-03-20 13:48:04'),(86,86,'1978-08-13 23:00:51'),(87,87,'2001-01-10 02:38:40'),(88,88,'2020-05-12 22:10:11'),(89,89,'1984-08-26 04:43:35'),(90,90,'2002-06-26 17:26:20'),(91,91,'1970-06-08 20:40:50'),(92,92,'1991-10-22 06:44:47'),(93,93,'1978-02-07 21:01:41'),(94,94,'2006-10-23 12:10:56'),(95,95,'2005-05-14 16:37:54'),(96,96,'2017-08-09 22:42:30'),(97,97,'1987-04-19 16:28:47'),(98,98,'2011-10-23 23:58:23'),(99,99,'2018-04-07 14:36:30'),(100,100,'1977-08-25 07:32:02');
/*!40000 ALTER TABLE `communities_users` ENABLE KEYS */;
UNLOCK TABLES;

--
-- Table structure for table `friendship`
--

DROP TABLE IF EXISTS `friendship`;
/*!40101 SET @saved_cs_client     = @@character_set_client */;
/*!50503 SET character_set_client = utf8mb4 */;
CREATE TABLE `friendship` (
  `user_id` int unsigned NOT NULL COMMENT 'Ссылка на инициатора дружеских отношений',
  `friend_id` int unsigned NOT NULL COMMENT 'Ссылка на получателя приглашения дружить',
  `status_id` int unsigned NOT NULL COMMENT 'Ссылка на статус (текущее состояние) отношений',
  `requested_at` datetime DEFAULT CURRENT_TIMESTAMP COMMENT 'Время отправления приглашения дружить',
  `confirmed_at` datetime DEFAULT NULL COMMENT 'Время подтверждения приглашения',
  `created_at` datetime DEFAULT CURRENT_TIMESTAMP COMMENT 'Время создания строки',
  `updated_at` datetime DEFAULT CURRENT_TIMESTAMP ON UPDATE CURRENT_TIMESTAMP COMMENT 'Время обновления строки',
  PRIMARY KEY (`user_id`,`friend_id`) COMMENT 'Составной первичный ключ',
  KEY `friendship_fk_status_id` (`status_id`),
  KEY `friendship_fk_fried_id` (`friend_id`),
  CONSTRAINT `friendship_fk_fried_id` FOREIGN KEY (`friend_id`) REFERENCES `users` (`id`),
  CONSTRAINT `friendship_fk_status_id` FOREIGN KEY (`status_id`) REFERENCES `friendship_statuses` (`id`),
  CONSTRAINT `friendship_fk_user_id` FOREIGN KEY (`user_id`) REFERENCES `users` (`id`)
) ENGINE=InnoDB DEFAULT CHARSET=utf8mb4 COLLATE=utf8mb4_0900_ai_ci COMMENT='Таблица дружбы';
/*!40101 SET character_set_client = @saved_cs_client */;

--
-- Dumping data for table `friendship`
--

LOCK TABLES `friendship` WRITE;
/*!40000 ALTER TABLE `friendship` DISABLE KEYS */;
INSERT INTO `friendship` VALUES (1,19,2,'2004-03-05 10:21:55','1995-07-15 02:13:32','1980-05-12 10:48:02','2021-03-15 22:22:38'),(2,1,1,'1980-07-13 18:58:39','2017-05-03 12:12:13','1983-02-03 13:44:54','2021-03-15 22:22:38'),(3,9,1,'1982-11-29 20:40:32','1999-03-25 20:49:20','1978-05-14 08:10:38','2021-03-15 22:22:38'),(4,9,3,'1990-01-31 14:05:21','1991-06-05 18:53:19','1970-08-20 18:42:34','2021-03-15 22:22:38'),(5,79,1,'1977-09-14 17:31:46','2004-08-28 06:34:06','1981-06-19 03:23:14','2021-03-15 22:22:38'),(6,39,2,'1993-07-19 11:24:26','1996-03-22 00:26:57','2002-01-15 00:02:44','2021-03-15 22:22:38'),(7,22,1,'1970-10-20 14:03:29','1984-05-08 10:01:39','1976-03-18 20:26:47','2021-03-15 22:22:38'),(8,52,2,'1991-04-28 20:29:12','1997-08-03 08:11:02','1991-09-15 18:23:44','2021-03-15 22:22:38'),(9,11,1,'2019-10-24 20:54:15','1990-09-19 23:53:46','1975-06-01 17:36:20','2021-03-15 22:22:38'),(10,74,3,'2015-06-11 04:30:09','2020-11-09 15:08:45','1994-08-21 13:36:18','2021-03-15 22:22:38'),(11,20,2,'1987-07-09 01:38:16','1978-10-14 08:56:11','1977-03-03 08:35:31','2021-03-15 22:22:38'),(12,38,1,'1986-08-27 22:28:13','2008-05-06 22:56:31','2018-07-28 01:10:23','2021-03-15 22:22:38'),(13,41,1,'2016-05-04 04:43:35','1974-11-25 13:51:57','2015-04-14 08:58:08','2021-03-15 22:22:38'),(14,50,3,'1993-10-11 20:21:19','1989-07-26 04:00:44','1988-06-28 18:46:45','2021-03-15 22:22:38'),(15,26,2,'2011-06-12 06:48:41','1997-03-11 11:41:56','2015-04-20 12:23:23','2021-03-15 22:22:38'),(16,51,2,'2009-04-15 14:09:09','2010-06-17 17:21:58','2008-02-24 13:44:53','2021-03-15 22:22:38'),(17,1,3,'1983-03-21 11:38:41','1973-08-17 14:44:46','1973-11-11 17:14:24','2021-03-15 22:22:38'),(18,48,1,'1993-11-24 19:50:14','2003-01-24 01:03:20','2011-12-06 21:57:54','2021-03-15 22:22:38'),(19,40,2,'1986-08-10 04:34:12','2013-03-07 04:03:53','1985-03-18 09:00:50','2021-03-15 22:22:38'),(20,17,2,'2002-08-15 17:43:39','1988-02-16 07:59:07','1971-07-06 21:09:50','2021-03-15 22:22:38'),(21,18,1,'1979-01-24 15:56:43','1994-09-26 18:06:27','1991-06-27 01:14:53','2021-03-15 22:22:38'),(22,36,2,'1985-10-13 06:35:14','2016-09-13 17:08:33','1983-12-02 15:28:40','2021-03-15 22:22:38'),(23,79,2,'1970-05-02 22:32:33','1970-07-04 18:27:20','2007-05-15 07:47:10','2021-03-15 22:22:38'),(24,67,2,'2006-12-20 09:11:14','2012-07-14 21:57:53','2014-01-17 16:54:47','2021-03-15 22:22:38'),(25,21,2,'2011-12-25 06:38:13','1979-02-16 16:52:19','2020-04-15 12:49:30','2021-03-15 22:22:38'),(26,30,3,'1978-07-02 08:07:47','2015-05-31 00:50:22','2007-02-24 03:24:14','2021-03-15 22:22:38'),(27,48,2,'2007-07-16 03:34:20','1987-07-22 08:03:41','2005-10-06 18:16:13','2021-03-15 22:22:38'),(28,2,3,'1987-07-12 21:42:31','1987-04-02 00:21:56','2012-03-08 01:28:57','2021-03-15 22:22:38'),(29,84,1,'2000-11-04 02:39:36','2003-11-11 02:32:10','2014-02-21 16:34:32','2021-03-15 22:22:38'),(30,19,2,'1983-05-01 13:57:51','2019-10-27 23:30:46','1976-04-04 15:55:36','2021-03-15 22:22:38'),(31,59,1,'1973-12-24 19:52:36','1992-04-27 01:19:03','1999-06-23 01:20:02','2021-03-15 22:22:38'),(32,61,1,'2008-07-05 09:30:47','2004-07-30 00:22:06','1976-08-12 11:27:19','2021-03-15 22:22:38'),(33,100,3,'2006-09-05 12:39:11','1974-01-26 19:25:28','2000-01-20 00:44:47','2021-03-15 22:22:38'),(34,83,2,'1973-04-03 03:41:25','2010-12-27 21:22:06','1979-06-03 20:36:50','2021-03-15 22:22:38'),(35,2,3,'1994-09-26 15:47:54','1982-08-05 12:11:10','2007-01-12 10:47:45','2021-03-15 22:22:38'),(36,75,1,'1979-10-04 04:55:10','2016-07-26 12:08:21','2013-04-14 02:42:47','2021-03-15 22:22:38'),(37,19,3,'1995-11-13 23:53:03','2003-12-04 00:32:03','2016-05-31 18:34:56','2021-03-15 22:22:38'),(38,77,1,'2017-10-06 02:01:50','1970-08-22 12:35:26','1999-05-01 06:26:14','2021-03-15 22:22:38'),(39,53,2,'1983-10-08 06:01:29','1974-07-01 15:01:28','1971-08-27 16:50:36','2021-03-15 22:22:38'),(40,88,3,'1983-06-27 03:28:08','2010-10-08 18:38:02','1980-09-16 11:36:57','2021-03-15 22:22:38'),(41,80,1,'1974-09-17 14:14:10','2002-06-23 06:07:55','1975-10-16 21:17:20','2021-03-15 22:22:38'),(42,54,3,'2011-12-08 20:03:11','1971-08-28 09:45:05','1991-07-27 16:42:04','2021-03-15 22:22:38'),(43,31,3,'2017-01-04 23:03:11','2008-05-29 13:32:00','1994-04-19 05:36:41','2021-03-15 22:22:38'),(44,67,2,'1999-04-28 00:50:30','2018-04-27 20:32:58','2004-01-30 18:55:28','2021-03-15 22:22:38'),(45,39,2,'2009-08-05 19:54:27','2007-11-09 11:41:53','2017-01-02 06:56:57','2021-03-15 22:22:38'),(46,66,2,'2021-02-19 19:59:13','2018-03-17 21:05:43','2018-12-06 20:48:06','2021-03-15 22:22:38'),(47,31,2,'2021-02-27 22:59:27','2003-06-05 04:52:30','2007-10-02 22:08:55','2021-03-15 22:22:38'),(48,86,1,'2005-07-26 20:06:46','1986-10-15 14:07:41','2018-03-17 15:14:44','2021-03-15 22:22:38'),(49,66,2,'2018-10-19 12:19:51','2015-12-06 09:44:44','1980-12-18 16:24:12','2021-03-15 22:22:38'),(50,96,1,'1996-05-25 06:43:28','2018-02-20 10:53:57','2006-09-07 16:54:19','2021-03-15 22:22:38'),(51,34,2,'2013-03-04 05:51:45','2005-12-03 04:06:13','1982-12-28 16:51:30','2021-03-15 22:22:38'),(52,82,3,'1992-03-09 22:28:35','1991-10-18 05:13:46','2009-11-13 20:41:14','2021-03-15 22:22:38'),(53,34,2,'1979-10-24 03:56:16','1991-03-09 14:46:09','2006-08-19 23:49:04','2021-03-15 22:22:38'),(54,1,3,'1975-10-19 05:11:04','1990-06-29 19:26:07','1997-06-24 01:36:39','2021-03-15 22:22:38'),(55,78,1,'1993-11-04 07:18:59','1998-07-15 23:07:40','2018-04-10 21:29:10','2021-03-15 22:22:38'),(56,17,1,'1987-04-12 13:13:00','1980-11-11 20:49:31','1992-05-17 18:59:40','2021-03-15 22:22:38'),(57,20,3,'2011-07-15 02:52:23','2008-02-14 00:23:18','2008-01-08 16:39:01','2021-03-15 22:22:38'),(58,100,3,'1988-04-27 19:51:41','1986-11-14 03:53:13','2001-04-14 13:57:41','2021-03-15 22:22:38'),(59,47,3,'1992-03-05 08:46:28','1997-12-21 21:58:29','1978-07-13 16:29:15','2021-03-15 22:22:38'),(60,7,3,'1987-12-20 23:14:30','1983-06-25 22:28:31','2001-07-19 08:37:49','2021-03-15 22:22:38'),(61,82,3,'1995-09-04 14:47:15','1999-05-28 08:37:36','2020-03-10 02:48:37','2021-03-15 22:22:38'),(62,23,3,'1985-09-03 05:23:15','1995-09-02 19:47:21','2003-03-15 11:57:00','2021-03-15 22:22:38'),(63,2,3,'2005-08-26 13:53:36','2016-10-19 13:12:24','2000-02-11 07:15:18','2021-03-15 22:22:38'),(64,99,2,'1991-10-04 02:21:15','2009-05-14 18:00:30','1999-11-29 18:41:31','2021-03-15 22:22:38'),(65,14,3,'1997-07-08 07:33:06','1993-05-07 04:38:10','1981-10-29 10:11:26','2021-03-15 22:22:38'),(66,63,3,'2003-06-13 21:36:12','1977-07-16 14:04:53','1977-10-13 15:26:03','2021-03-15 22:22:38'),(67,44,3,'2020-12-15 20:34:14','1991-03-24 23:14:57','1986-11-01 00:43:13','2021-03-15 22:22:38'),(68,31,3,'1973-05-03 02:01:20','1998-06-29 23:07:02','1989-07-31 19:36:22','2021-03-15 22:22:38'),(69,64,3,'1994-11-04 08:14:18','1997-09-02 05:47:34','1980-02-14 14:06:42','2021-03-15 22:22:38'),(70,92,3,'2019-03-27 06:00:49','1990-05-25 23:55:40','2016-07-30 10:04:21','2021-03-15 22:22:38'),(71,65,2,'2015-01-23 08:10:18','1979-10-30 14:37:30','2008-12-20 10:10:47','2021-03-15 22:22:38'),(72,76,3,'1987-01-24 06:44:10','1974-01-06 08:05:43','1977-10-03 20:18:49','2021-03-15 22:22:38'),(73,78,2,'2004-11-06 21:15:55','2008-02-11 09:09:41','2000-11-02 05:54:05','2021-03-15 22:22:38'),(74,80,3,'1979-01-27 16:35:49','1970-05-14 06:30:10','2002-12-22 04:07:25','2021-03-15 22:22:38'),(75,58,3,'1975-08-28 06:53:35','1990-10-09 14:34:56','1990-01-27 00:12:54','2021-03-15 22:22:38'),(76,63,1,'1987-11-01 19:49:42','1985-11-30 00:48:37','2012-07-30 23:29:44','2021-03-15 22:22:38'),(77,39,3,'1973-05-14 07:57:11','2006-04-23 09:21:49','2002-03-23 16:26:03','2021-03-15 22:22:38'),(78,27,1,'1972-10-29 10:46:11','2016-12-22 17:12:41','1999-11-20 09:53:07','2021-03-15 22:22:38'),(79,39,1,'2010-04-06 15:45:53','1994-10-26 19:06:21','2015-03-27 08:13:44','2021-03-15 22:22:38'),(80,71,3,'2014-08-05 05:06:06','2015-02-28 18:55:15','1985-04-16 03:16:10','2021-03-15 22:22:38'),(81,11,1,'2013-05-16 19:20:28','1987-10-04 20:52:20','2005-06-23 14:16:49','2021-03-15 22:22:38'),(82,90,1,'1983-05-27 01:00:24','1987-02-12 00:26:10','2014-03-16 02:40:19','2021-03-15 22:22:38'),(83,24,2,'1997-05-19 03:28:00','1997-05-25 19:04:45','1973-01-09 21:53:08','2021-03-15 22:22:38'),(84,83,2,'2010-07-02 11:29:57','2011-05-25 03:40:49','1998-08-12 22:34:51','2021-03-15 22:22:38'),(85,80,1,'2015-12-02 10:23:46','1973-10-28 21:52:49','1974-03-05 17:30:33','2021-03-15 22:22:38'),(86,67,2,'1971-10-20 10:21:06','2006-08-16 20:10:19','1981-10-06 18:21:31','2021-03-15 22:22:38'),(87,48,3,'1972-05-19 22:47:25','1997-12-28 23:51:06','2021-02-14 22:00:43','2021-03-15 22:22:38'),(88,7,2,'2004-04-17 23:27:51','2003-04-21 10:42:32','2000-11-06 16:53:51','2021-03-15 22:22:38'),(89,12,2,'2007-10-29 07:37:23','2019-10-19 23:19:24','2017-01-16 18:00:08','2021-03-15 22:22:38'),(90,34,3,'1977-03-02 18:04:29','2002-12-25 00:37:09','1975-02-20 02:52:47','2021-03-15 22:22:38'),(91,47,1,'1981-09-01 00:52:53','2019-05-19 10:57:57','1992-12-02 08:41:49','2021-03-15 22:22:38'),(92,89,2,'2003-05-24 11:15:51','1971-06-27 08:22:58','2000-01-29 08:19:20','2021-03-15 22:22:38'),(93,44,3,'1989-04-16 01:21:00','1981-04-07 01:05:02','1973-02-14 22:18:48','2021-03-15 22:22:38'),(94,23,2,'1974-06-29 11:04:35','2004-05-28 11:43:19','1978-09-22 23:04:12','2021-03-15 22:22:38'),(95,43,3,'1970-11-25 12:26:15','2011-10-27 16:56:35','1972-10-01 01:52:15','2021-03-15 22:22:38'),(96,48,1,'2001-06-13 18:39:25','1993-12-13 09:44:31','2007-09-04 18:19:44','2021-03-15 22:22:38'),(97,91,3,'2015-06-25 09:30:18','2020-02-19 02:07:03','1992-03-15 04:30:27','2021-03-15 22:22:38'),(98,31,3,'2002-03-01 13:48:31','2000-10-29 18:50:10','1980-12-22 06:01:17','2021-03-15 22:22:38'),(99,32,3,'1977-05-03 01:37:39','1973-04-29 23:27:31','1977-02-26 16:06:34','2021-03-15 22:22:38'),(100,24,1,'1976-08-26 05:10:42','2010-03-29 19:02:42','1991-10-31 16:59:48','2021-03-15 22:22:38');
/*!40000 ALTER TABLE `friendship` ENABLE KEYS */;
UNLOCK TABLES;

--
-- Table structure for table `friendship_statuses`
--

DROP TABLE IF EXISTS `friendship_statuses`;
/*!40101 SET @saved_cs_client     = @@character_set_client */;
/*!50503 SET character_set_client = utf8mb4 */;
CREATE TABLE `friendship_statuses` (
  `id` int unsigned NOT NULL AUTO_INCREMENT COMMENT 'Идентификатор строки',
  `name` varchar(150) NOT NULL COMMENT 'Название статуса',
  `created_at` datetime DEFAULT CURRENT_TIMESTAMP COMMENT 'Время создания строки',
  `updated_at` datetime DEFAULT CURRENT_TIMESTAMP ON UPDATE CURRENT_TIMESTAMP COMMENT 'Время обновления строки',
  PRIMARY KEY (`id`),
  UNIQUE KEY `name` (`name`)
) ENGINE=InnoDB AUTO_INCREMENT=4 DEFAULT CHARSET=utf8mb4 COLLATE=utf8mb4_0900_ai_ci COMMENT='Статусы дружбы';
/*!40101 SET character_set_client = @saved_cs_client */;

--
-- Dumping data for table `friendship_statuses`
--

LOCK TABLES `friendship_statuses` WRITE;
/*!40000 ALTER TABLE `friendship_statuses` DISABLE KEYS */;
INSERT INTO `friendship_statuses` VALUES (1,'Requested','2021-03-15 21:50:37','2021-03-15 21:50:37'),(2,'Approved','2021-03-15 21:50:37','2021-03-15 21:50:37'),(3,'Declined','2021-03-15 21:50:37','2021-03-15 21:50:37');
/*!40000 ALTER TABLE `friendship_statuses` ENABLE KEYS */;
UNLOCK TABLES;

--
-- Table structure for table `gender`
--

DROP TABLE IF EXISTS `gender`;
/*!40101 SET @saved_cs_client     = @@character_set_client */;
/*!50503 SET character_set_client = utf8mb4 */;
CREATE TABLE `gender` (
  `id` int unsigned NOT NULL AUTO_INCREMENT COMMENT 'Индентификатор строки',
  `gender` varchar(25) DEFAULT NULL COMMENT 'Название пола',
  `gender_info` varchar(150) DEFAULT NULL COMMENT 'Информация о поле',
  `created_at` datetime DEFAULT CURRENT_TIMESTAMP COMMENT 'Время создания строки',
  `updated_at` datetime DEFAULT CURRENT_TIMESTAMP ON UPDATE CURRENT_TIMESTAMP COMMENT 'Время обновления строки',
  PRIMARY KEY (`id`)
) ENGINE=InnoDB AUTO_INCREMENT=8 DEFAULT CHARSET=utf8mb4 COLLATE=utf8mb4_0900_ai_ci COMMENT='Варианты полов';
/*!40101 SET character_set_client = @saved_cs_client */;

--
-- Dumping data for table `gender`
--

LOCK TABLES `gender` WRITE;
/*!40000 ALTER TABLE `gender` DISABLE KEYS */;
INSERT INTO `gender` VALUES (1,'M','Male','2021-03-15 21:35:15','2021-03-15 21:35:15'),(2,'F','Female','2021-03-15 21:35:15','2021-03-15 21:35:15');
/*!40000 ALTER TABLE `gender` ENABLE KEYS */;
UNLOCK TABLES;

--
-- Table structure for table `likes`
--

DROP TABLE IF EXISTS `likes`;
/*!40101 SET @saved_cs_client     = @@character_set_client */;
/*!50503 SET character_set_client = utf8mb4 */;
CREATE TABLE `likes` (
  `id` int unsigned NOT NULL AUTO_INCREMENT COMMENT 'Идентификатор строки',
  `user_id` int unsigned NOT NULL COMMENT 'Идентификатор пользователя',
  `target_id` int unsigned NOT NULL COMMENT 'Идентификатор объекта',
  `target_type_id` int unsigned NOT NULL COMMENT 'Идентификатор типа объекта',
  `like_type` tinyint unsigned NOT NULL COMMENT 'Идентификатор типа лайка (1 - лайк, 0 - дизлайк)',
  `created_at` datetime DEFAULT CURRENT_TIMESTAMP COMMENT 'Время создания строки',
  `updated_at` datetime DEFAULT CURRENT_TIMESTAMP ON UPDATE CURRENT_TIMESTAMP COMMENT 'Время обновления строки',
  PRIMARY KEY (`id`),
  KEY `likes_fk_target_type` (`target_type_id`),
  KEY `likes_fk_user_id` (`user_id`),
  CONSTRAINT `likes_fk_target_type` FOREIGN KEY (`target_type_id`) REFERENCES `target_types` (`id`),
  CONSTRAINT `likes_fk_user_id` FOREIGN KEY (`user_id`) REFERENCES `users` (`id`)
) ENGINE=InnoDB AUTO_INCREMENT=114 DEFAULT CHARSET=utf8mb4 COLLATE=utf8mb4_0900_ai_ci COMMENT='Лайки';
/*!40101 SET character_set_client = @saved_cs_client */;

--
-- Dumping data for table `likes`
--

LOCK TABLES `likes` WRITE;
/*!40000 ALTER TABLE `likes` DISABLE KEYS */;
INSERT INTO `likes` VALUES (1,55,89,1,1,'2021-03-21 18:36:49','2021-03-21 18:36:49'),(2,1,37,1,1,'2021-03-21 18:36:49','2021-03-21 18:36:49'),(3,50,31,1,0,'2021-03-21 18:36:49','2021-03-21 18:36:49'),(4,44,95,1,0,'2021-03-21 18:36:49','2021-03-21 18:36:49'),(5,61,67,1,1,'2021-03-21 18:36:49','2021-03-21 18:36:49'),(6,100,56,1,0,'2021-03-21 18:36:49','2021-03-21 18:36:49'),(7,12,57,1,1,'2021-03-21 18:36:49','2021-03-21 18:36:49'),(8,70,75,1,1,'2021-03-21 18:36:49','2021-03-21 18:36:49'),(9,77,69,1,1,'2021-03-21 18:36:49','2021-03-21 18:36:49'),(10,64,55,1,0,'2021-03-21 18:36:49','2021-03-21 18:36:49'),(11,1,27,1,0,'2021-03-21 18:36:49','2021-03-21 18:36:49'),(12,51,97,1,0,'2021-03-21 18:36:49','2021-03-21 18:36:49'),(13,19,23,1,0,'2021-03-21 18:36:49','2021-03-21 18:36:49'),(14,40,1,1,1,'2021-03-21 18:36:49','2021-03-21 18:36:49'),(15,12,36,1,1,'2021-03-21 18:36:49','2021-03-21 18:36:49'),(16,26,73,1,0,'2021-03-21 18:36:49','2021-03-21 18:36:49'),(17,38,26,1,1,'2021-03-21 18:36:49','2021-03-21 18:36:49'),(18,7,23,1,1,'2021-03-21 18:36:49','2021-03-21 18:36:49'),(19,100,76,1,0,'2021-03-21 18:36:49','2021-03-21 18:36:49'),(20,85,80,1,1,'2021-03-21 18:36:49','2021-03-21 18:36:49'),(32,19,42,2,0,'2021-03-21 18:36:55','2021-03-21 18:36:55'),(33,47,78,2,0,'2021-03-21 18:36:55','2021-03-21 18:36:55'),(34,25,36,2,1,'2021-03-21 18:36:55','2021-03-21 18:36:55'),(35,84,36,2,1,'2021-03-21 18:36:55','2021-03-21 18:36:55'),(36,92,47,2,1,'2021-03-21 18:36:55','2021-03-21 18:36:55'),(37,89,38,2,1,'2021-03-21 18:36:55','2021-03-21 18:36:55'),(38,7,78,2,0,'2021-03-21 18:36:55','2021-03-21 18:36:55'),(39,18,91,2,0,'2021-03-21 18:36:55','2021-03-21 18:36:55'),(40,92,89,2,0,'2021-03-21 18:36:55','2021-03-21 18:36:55'),(41,68,95,2,0,'2021-03-21 18:36:55','2021-03-21 18:36:55'),(42,24,68,2,0,'2021-03-21 18:36:55','2021-03-21 18:36:55'),(43,100,94,2,0,'2021-03-21 18:36:55','2021-03-21 18:36:55'),(44,76,99,2,0,'2021-03-21 18:36:55','2021-03-21 18:36:55'),(45,71,24,2,0,'2021-03-21 18:36:55','2021-03-21 18:36:55'),(46,3,31,2,1,'2021-03-21 18:36:55','2021-03-21 18:36:55'),(47,52,27,2,1,'2021-03-21 18:36:55','2021-03-21 18:36:55'),(48,54,19,2,1,'2021-03-21 18:36:55','2021-03-21 18:36:55'),(49,52,4,2,0,'2021-03-21 18:36:55','2021-03-21 18:36:55'),(50,72,43,2,0,'2021-03-21 18:36:55','2021-03-21 18:36:55'),(51,80,97,2,0,'2021-03-21 18:36:55','2021-03-21 18:36:55'),(63,47,14,3,0,'2021-03-21 18:36:58','2021-03-21 18:36:58'),(64,74,34,3,1,'2021-03-21 18:36:58','2021-03-21 18:36:58'),(65,57,61,3,0,'2021-03-21 18:36:58','2021-03-21 18:36:58'),(66,28,59,3,0,'2021-03-21 18:36:58','2021-03-21 18:36:58'),(67,33,84,3,1,'2021-03-21 18:36:58','2021-03-21 18:36:58'),(68,89,51,3,1,'2021-03-21 18:36:58','2021-03-21 18:36:58'),(69,76,61,3,0,'2021-03-21 18:36:58','2021-03-21 18:36:58'),(70,23,10,3,0,'2021-03-21 18:36:58','2021-03-21 18:36:58'),(71,50,73,3,0,'2021-03-21 18:36:58','2021-03-21 18:36:58'),(72,54,56,3,1,'2021-03-21 18:36:58','2021-03-21 18:36:58'),(73,34,92,3,0,'2021-03-21 18:36:58','2021-03-21 18:36:58'),(74,56,29,3,1,'2021-03-21 18:36:58','2021-03-21 18:36:58'),(75,11,94,3,0,'2021-03-21 18:36:58','2021-03-21 18:36:58'),(76,79,81,3,0,'2021-03-21 18:36:58','2021-03-21 18:36:58'),(77,7,45,3,0,'2021-03-21 18:36:58','2021-03-21 18:36:58'),(78,28,85,3,0,'2021-03-21 18:36:58','2021-03-21 18:36:58'),(79,3,21,3,0,'2021-03-21 18:36:58','2021-03-21 18:36:58'),(80,68,53,3,0,'2021-03-21 18:36:58','2021-03-21 18:36:58'),(81,47,92,3,1,'2021-03-21 18:36:58','2021-03-21 18:36:58'),(82,26,39,3,0,'2021-03-21 18:36:58','2021-03-21 18:36:58'),(94,51,66,4,1,'2021-03-21 18:37:38','2021-03-21 18:37:38'),(95,1,52,4,0,'2021-03-21 18:37:38','2021-03-21 18:37:38'),(96,94,81,4,0,'2021-03-21 18:37:38','2021-03-21 18:37:38'),(97,25,32,4,0,'2021-03-21 18:37:38','2021-03-21 18:37:38'),(98,67,19,4,1,'2021-03-21 18:37:38','2021-03-21 18:37:38'),(99,71,91,4,0,'2021-03-21 18:37:38','2021-03-21 18:37:38'),(100,30,60,4,1,'2021-03-21 18:37:38','2021-03-21 18:37:38'),(101,76,10,4,0,'2021-03-21 18:37:38','2021-03-21 18:37:38'),(102,22,56,4,0,'2021-03-21 18:37:38','2021-03-21 18:37:38'),(103,92,39,4,1,'2021-03-21 18:37:38','2021-03-21 18:37:38'),(104,20,33,4,1,'2021-03-21 18:37:38','2021-03-21 18:37:38'),(105,22,68,4,0,'2021-03-21 18:37:38','2021-03-21 18:37:38'),(106,24,63,4,1,'2021-03-21 18:37:38','2021-03-21 18:37:38'),(107,66,74,4,0,'2021-03-21 18:37:38','2021-03-21 18:37:38'),(108,45,42,4,0,'2021-03-21 18:37:38','2021-03-21 18:37:38'),(109,23,84,4,0,'2021-03-21 18:37:38','2021-03-21 18:37:38'),(110,69,23,4,0,'2021-03-21 18:37:38','2021-03-21 18:37:38'),(111,82,10,4,1,'2021-03-21 18:37:38','2021-03-21 18:37:38'),(112,42,86,4,0,'2021-03-21 18:37:38','2021-03-21 18:37:38'),(113,2,88,4,1,'2021-03-21 18:37:38','2021-03-21 18:37:38');
/*!40000 ALTER TABLE `likes` ENABLE KEYS */;
UNLOCK TABLES;

--
-- Table structure for table `media`
--

DROP TABLE IF EXISTS `media`;
/*!40101 SET @saved_cs_client     = @@character_set_client */;
/*!50503 SET character_set_client = utf8mb4 */;
CREATE TABLE `media` (
  `id` int unsigned NOT NULL AUTO_INCREMENT COMMENT 'Идентификатор строки',
  `user_id` int unsigned NOT NULL COMMENT 'Ссылка на пользователя, который загрузил файл',
  `filename` varchar(255) NOT NULL COMMENT 'Путь к файлу',
  `size` int NOT NULL COMMENT 'Размер файла',
  `metadata` json DEFAULT NULL COMMENT 'Метаданные файла',
  `media_type_id` int unsigned NOT NULL COMMENT 'Ссылка на тип контента',
  `created_at` datetime DEFAULT CURRENT_TIMESTAMP COMMENT 'Время создания строки',
  `updated_at` datetime DEFAULT CURRENT_TIMESTAMP ON UPDATE CURRENT_TIMESTAMP COMMENT 'Время обновления строки',
  PRIMARY KEY (`id`),
  KEY `media_fk_media_type_id` (`media_type_id`),
  KEY `media_fk_user_id` (`user_id`),
  CONSTRAINT `media_fk_media_type_id` FOREIGN KEY (`media_type_id`) REFERENCES `media_types` (`id`),
  CONSTRAINT `media_fk_user_id` FOREIGN KEY (`user_id`) REFERENCES `users` (`id`)
) ENGINE=InnoDB AUTO_INCREMENT=111 DEFAULT CHARSET=utf8mb4 COLLATE=utf8mb4_0900_ai_ci COMMENT='Медиафайлы';
/*!40101 SET character_set_client = @saved_cs_client */;

--
-- Dumping data for table `media`
--

LOCK TABLES `media` WRITE;
/*!40000 ALTER TABLE `media` DISABLE KEYS */;
INSERT INTO `media` VALUES (1,1,'quis',7578,NULL,1,'2005-04-20 09:27:38','1994-05-03 14:45:52'),(2,2,'ut',21928,NULL,1,'2012-11-28 19:25:31','2021-03-15 22:15:31'),(3,3,'animi',9,NULL,2,'1979-08-08 15:11:54','2021-03-15 22:15:31'),(4,4,'eos',359685312,NULL,2,'1980-10-02 22:34:59','2021-03-15 22:15:31'),(5,5,'iure',0,NULL,2,'1990-06-19 14:12:17','2021-03-15 22:15:31'),(6,6,'labore',82610,NULL,3,'1978-06-25 18:25:49','2021-03-15 22:15:31'),(7,7,'placeat',42774,NULL,2,'1989-06-12 20:32:13','2021-03-15 22:15:31'),(8,8,'dolorum',8540,NULL,2,'1989-08-06 22:10:40','2021-03-15 22:15:31'),(9,9,'nemo',660004,NULL,2,'1973-08-30 05:05:27','2021-03-15 22:15:31'),(10,10,'qui',696095,NULL,2,'2002-08-16 12:30:40','2021-03-15 22:15:31'),(11,11,'excepturi',6042,NULL,2,'2010-12-14 05:05:19','2021-03-15 22:15:31'),(12,12,'est',7,NULL,3,'1981-01-06 16:34:30','2021-03-15 22:15:31'),(13,13,'ipsum',105,NULL,3,'1980-04-22 07:17:35','2021-03-15 22:15:31'),(14,14,'nam',0,NULL,3,'2012-01-26 22:29:43','2021-03-15 22:15:31'),(15,15,'maxime',97289,NULL,1,'1981-01-27 10:26:12','2021-03-15 22:15:31'),(16,16,'consequatur',470807,NULL,2,'2012-08-03 10:30:33','2021-03-15 22:15:31'),(17,17,'corporis',5652,NULL,1,'2011-08-03 08:09:48','2021-03-15 22:15:31'),(18,18,'rerum',7026467,NULL,1,'1991-11-14 00:49:29','2021-03-15 22:15:31'),(19,19,'rerum',61895,NULL,3,'1988-04-13 16:39:17','2021-03-15 22:15:31'),(20,20,'et',7,NULL,1,'2007-12-25 15:01:53','2021-03-15 22:15:31'),(21,21,'nisi',612160,NULL,1,'2014-11-08 05:18:25','2021-03-15 22:15:31'),(22,22,'ipsa',8346,NULL,2,'2013-06-29 17:29:54','2021-03-15 22:15:31'),(23,23,'temporibus',701,NULL,2,'2008-10-31 13:35:46','2021-03-15 22:15:31'),(24,24,'officiis',35948933,NULL,1,'1986-05-07 16:55:41','2021-03-15 22:15:31'),(25,25,'mollitia',5714446,NULL,3,'2012-06-14 11:07:39','2021-03-15 22:15:31'),(26,26,'in',6,NULL,2,'2016-01-10 07:52:17','2021-03-15 22:15:31'),(27,27,'sint',622296,NULL,2,'2020-09-06 22:22:05','2021-03-15 22:15:31'),(28,28,'sit',5243527,NULL,3,'2014-01-22 04:17:31','2021-03-15 22:15:31'),(29,29,'est',0,NULL,1,'1971-08-06 20:50:56','2021-03-15 22:15:31'),(30,30,'assumenda',917337211,NULL,3,'2010-05-05 12:34:50','2021-03-15 22:15:31'),(31,31,'aliquam',56,NULL,2,'2008-09-14 14:44:58','2021-03-15 22:15:31'),(32,32,'doloremque',28944,NULL,1,'1996-08-03 05:00:58','2021-03-15 22:15:31'),(33,33,'inventore',3733690,NULL,3,'2016-01-23 16:54:03','2021-03-15 22:15:31'),(34,34,'harum',207310,NULL,1,'1979-04-12 06:02:02','2021-03-15 22:15:31'),(35,35,'commodi',736201,NULL,2,'1975-03-22 08:53:27','2021-03-15 22:15:31'),(36,36,'nam',84,NULL,3,'1985-10-28 13:25:36','2021-03-15 22:15:31'),(37,37,'consequatur',5,NULL,1,'1979-12-07 16:57:01','2021-03-15 22:15:31'),(38,38,'qui',18449,NULL,3,'1976-09-17 07:12:01','2021-03-15 22:15:31'),(39,39,'nisi',584,NULL,1,'1981-01-13 18:42:48','2021-03-15 22:15:31'),(40,40,'sed',6188585,NULL,1,'2007-11-08 15:41:51','2021-03-15 22:15:31'),(41,41,'corrupti',3218697,NULL,1,'2009-02-03 20:55:45','2021-03-15 22:15:31'),(42,42,'possimus',45,NULL,1,'1984-11-01 12:38:18','2021-03-15 22:15:31'),(43,43,'quasi',841594,NULL,1,'2017-09-30 07:27:48','2021-03-15 22:15:31'),(44,44,'autem',2,NULL,3,'2015-07-30 19:10:33','2021-03-15 22:15:31'),(45,45,'eius',7258,NULL,1,'1990-11-26 15:21:34','2021-03-15 22:15:31'),(46,46,'perferendis',7682,NULL,2,'2016-02-07 11:18:34','2021-03-15 22:15:31'),(47,47,'ullam',597,NULL,3,'1996-03-25 20:27:58','2021-03-15 22:15:31'),(48,48,'omnis',1727,NULL,1,'1982-07-17 02:31:02','2021-03-15 22:15:31'),(49,49,'eligendi',23885,NULL,3,'1986-11-15 19:34:05','2021-03-15 22:15:31'),(50,50,'optio',321668,NULL,1,'1984-01-06 21:59:23','2021-03-15 22:15:31'),(51,51,'a',0,NULL,3,'2013-01-11 00:09:14','2021-03-15 22:15:31'),(52,52,'esse',3990558,NULL,3,'1987-09-05 19:31:39','2021-03-15 22:15:31'),(53,53,'omnis',27,NULL,2,'1998-09-11 16:19:22','2021-03-15 22:15:31'),(54,54,'est',652932,NULL,3,'2012-04-23 11:11:08','2021-03-15 22:15:31'),(55,55,'sit',571,NULL,3,'2013-07-18 13:42:26','2021-03-15 22:15:31'),(56,56,'eum',757197,NULL,3,'2011-04-08 18:26:39','2021-03-15 22:15:31'),(57,57,'quod',2,NULL,3,'1984-03-09 01:22:19','2021-03-15 22:15:31'),(58,58,'ut',3226,NULL,3,'1992-12-30 14:37:28','2021-03-15 22:15:31'),(59,59,'non',494540,NULL,1,'2013-06-15 00:31:31','2021-03-15 22:15:31'),(60,60,'dolorem',9366819,NULL,2,'1988-11-24 16:36:13','2021-03-15 22:15:31'),(61,61,'rerum',9252,NULL,1,'2002-10-20 04:59:54','2021-03-15 22:15:31'),(62,62,'a',52897,NULL,1,'2016-04-05 04:06:24','2021-03-15 22:15:31'),(63,63,'id',868636,NULL,1,'2001-12-18 11:31:47','2021-03-15 22:15:31'),(64,64,'consectetur',2520,NULL,1,'1999-10-17 05:33:20','2021-03-15 22:15:31'),(65,65,'et',288,NULL,3,'2008-05-13 14:37:21','2021-03-15 22:15:31'),(66,66,'hic',5862717,NULL,1,'1996-12-09 00:14:33','2021-03-15 22:15:31'),(67,67,'soluta',75142230,NULL,2,'1997-07-19 09:43:19','2021-03-15 22:15:31'),(68,68,'sunt',169631,NULL,1,'1980-07-01 03:04:58','2021-03-15 22:15:31'),(69,69,'facilis',2272160,NULL,1,'2015-10-15 00:18:05','2021-03-15 22:15:31'),(70,70,'deleniti',6,NULL,1,'2017-07-05 11:35:35','2021-03-15 22:15:31'),(71,71,'et',364,NULL,3,'1999-06-10 01:08:13','2021-03-15 22:15:31'),(72,72,'iusto',8,NULL,2,'1976-03-12 03:56:40','2021-03-15 22:15:31'),(73,73,'labore',745,NULL,1,'1995-12-05 03:00:02','2021-03-15 22:15:31'),(74,74,'vel',769018312,NULL,3,'1976-09-25 00:22:57','2021-03-15 22:15:31'),(75,75,'exercitationem',0,NULL,2,'1977-10-01 18:50:41','2021-03-15 22:15:31'),(76,76,'id',75428488,NULL,3,'1985-06-07 19:37:39','2021-03-15 22:15:31'),(77,77,'non',0,NULL,3,'1987-09-06 23:20:56','2021-03-15 22:15:31'),(78,78,'laudantium',768,NULL,3,'2012-07-08 04:42:26','2021-03-15 22:15:31'),(79,79,'et',60,NULL,1,'2014-11-13 19:54:04','2021-03-15 22:15:31'),(80,80,'quam',2217,NULL,2,'1975-12-13 05:36:42','2021-03-15 22:15:31'),(81,81,'aut',8,NULL,3,'1994-05-02 07:54:15','2021-03-15 22:15:31'),(82,82,'quasi',30,NULL,3,'1997-01-29 10:19:10','2021-03-15 22:15:31'),(83,83,'harum',82286,NULL,1,'1976-12-09 21:46:15','2021-03-15 22:15:31'),(84,84,'nihil',0,NULL,1,'1974-02-11 02:36:40','2021-03-15 22:15:31'),(85,85,'ea',19,NULL,3,'1995-02-16 06:00:18','2021-03-15 22:15:31'),(86,86,'incidunt',2204716,NULL,3,'2015-07-18 06:53:14','2021-03-15 22:15:31'),(87,87,'et',57316935,NULL,3,'1996-06-25 10:40:48','2021-03-15 22:15:31'),(88,88,'ipsam',669802429,NULL,3,'1977-09-25 07:27:52','2021-03-15 22:15:31'),(89,89,'maxime',548,NULL,1,'1990-04-10 15:29:42','2021-03-15 22:15:31'),(90,90,'sunt',7542385,NULL,3,'2016-03-06 05:44:00','2021-03-15 22:15:31'),(91,91,'dolore',218922,NULL,1,'1974-07-20 03:54:42','2021-03-15 22:15:31'),(92,92,'ad',3783,NULL,3,'2005-04-14 18:37:06','2021-03-15 22:15:31'),(93,93,'non',74857262,NULL,3,'2018-03-06 21:32:04','2021-03-15 22:15:31'),(94,94,'aspernatur',45625,NULL,3,'1976-09-27 13:13:43','2021-03-15 22:15:31'),(95,95,'ut',34,NULL,3,'2017-03-11 15:13:03','2021-03-15 22:15:31'),(96,96,'voluptates',129335,NULL,1,'2005-12-12 09:42:05','2021-03-15 22:15:31'),(97,97,'ipsum',3423635,NULL,1,'2000-08-26 05:08:14','2021-03-15 22:15:31'),(98,98,'dolorum',36182667,NULL,3,'1995-03-31 13:07:44','2021-03-15 22:15:31'),(99,99,'quae',5555286,NULL,1,'1989-02-20 04:05:46','2021-03-15 22:15:31'),(100,100,'et',7512,NULL,1,'2002-04-10 23:10:33','2021-03-15 22:15:31'),(101,23,'temporibus',850312,NULL,2,'2021-03-21 18:52:46','2021-03-21 18:52:46'),(102,63,'id',1069301,NULL,1,'2021-03-21 18:52:46','2021-03-21 18:52:46'),(103,28,'sit',949473,NULL,3,'2021-03-21 18:52:46','2021-03-21 18:52:46'),(104,92,'ad',760250,NULL,1,'2021-03-21 18:52:46','2021-03-21 18:52:46'),(105,73,'labore',469458,NULL,1,'2021-03-21 18:52:46','2021-03-21 18:52:46'),(106,20,'et',778370,NULL,3,'2021-03-21 18:52:46','2021-03-21 18:52:46'),(107,66,'hic',243506,NULL,1,'2021-03-21 18:52:46','2021-03-21 18:52:46'),(108,74,'vel',329385,NULL,2,'2021-03-21 18:52:46','2021-03-21 18:52:46'),(109,8,'dolorum',669501,NULL,2,'2021-03-21 18:52:46','2021-03-21 18:52:46'),(110,98,'dolorum',304012,NULL,1,'2021-03-21 18:52:46','2021-03-21 18:52:46');
/*!40000 ALTER TABLE `media` ENABLE KEYS */;
UNLOCK TABLES;

--
-- Table structure for table `media_types`
--

DROP TABLE IF EXISTS `media_types`;
/*!40101 SET @saved_cs_client     = @@character_set_client */;
/*!50503 SET character_set_client = utf8mb4 */;
CREATE TABLE `media_types` (
  `id` int unsigned NOT NULL AUTO_INCREMENT COMMENT 'Идентификатор строки',
  `name` varchar(255) NOT NULL COMMENT 'Название типа',
  `created_at` datetime DEFAULT CURRENT_TIMESTAMP COMMENT 'Время создания строки',
  `updated_at` datetime DEFAULT CURRENT_TIMESTAMP ON UPDATE CURRENT_TIMESTAMP COMMENT 'Время обновления строки',
  PRIMARY KEY (`id`),
  UNIQUE KEY `name` (`name`)
) ENGINE=InnoDB AUTO_INCREMENT=4 DEFAULT CHARSET=utf8mb4 COLLATE=utf8mb4_0900_ai_ci COMMENT='Типы медиафайлов';
/*!40101 SET character_set_client = @saved_cs_client */;

--
-- Dumping data for table `media_types`
--

LOCK TABLES `media_types` WRITE;
/*!40000 ALTER TABLE `media_types` DISABLE KEYS */;
INSERT INTO `media_types` VALUES (1,'Image','2021-03-15 21:51:12','2021-03-15 21:51:12'),(2,'Video','2021-03-15 21:51:12','2021-03-15 21:51:12'),(3,'Audio','2021-03-15 21:51:12','2021-03-15 21:51:12');
/*!40000 ALTER TABLE `media_types` ENABLE KEYS */;
UNLOCK TABLES;

--
-- Table structure for table `messages`
--

DROP TABLE IF EXISTS `messages`;
/*!40101 SET @saved_cs_client     = @@character_set_client */;
/*!50503 SET character_set_client = utf8mb4 */;
CREATE TABLE `messages` (
  `id` int unsigned NOT NULL AUTO_INCREMENT COMMENT 'Идентификатор строки',
  `from_user_id` int unsigned NOT NULL COMMENT 'Ссылка на отправителя сообщения',
  `to_user_id` int unsigned NOT NULL COMMENT 'Ссылка на получателя сообщения',
  `body` text NOT NULL COMMENT 'Текст сообщения',
  `is_important` tinyint(1) DEFAULT NULL COMMENT 'Признак важности',
  `is_delivered` tinyint(1) DEFAULT NULL COMMENT 'Признак доставки',
  `is_read` tinyint(1) DEFAULT NULL COMMENT 'Признаки прочтения',
  `created_at` datetime DEFAULT CURRENT_TIMESTAMP COMMENT 'Время создания строки',
  `updated_at` datetime DEFAULT CURRENT_TIMESTAMP ON UPDATE CURRENT_TIMESTAMP COMMENT 'Время обновления строки',
  PRIMARY KEY (`id`),
  KEY `messages_fk_from_user_id` (`from_user_id`),
  KEY `messages_fk_to_user_id` (`to_user_id`),
  CONSTRAINT `messages_fk_from_user_id` FOREIGN KEY (`from_user_id`) REFERENCES `users` (`id`),
  CONSTRAINT `messages_fk_to_user_id` FOREIGN KEY (`to_user_id`) REFERENCES `users` (`id`)
) ENGINE=InnoDB AUTO_INCREMENT=101 DEFAULT CHARSET=utf8mb4 COLLATE=utf8mb4_0900_ai_ci COMMENT='Сообщения';
/*!40101 SET character_set_client = @saved_cs_client */;

--
-- Dumping data for table `messages`
--

LOCK TABLES `messages` WRITE;
/*!40000 ALTER TABLE `messages` DISABLE KEYS */;
INSERT INTO `messages` VALUES (1,1,20,'Mollitia illum labore amet culpa dolorem. Vitae sunt in est expedita dolor culpa porro eaque. Excepturi facilis incidunt doloremque pariatur ullam beatae.',1,0,NULL,'2019-04-30 14:06:43','2021-03-15 22:23:54'),(2,2,11,'Dolorum ut laboriosam voluptas illo aperiam nihil. Ipsa quia consectetur eveniet. Dolorem quos doloremque vel facilis reprehenderit. Maiores sint possimus excepturi. Iusto iste expedita accusantium voluptatem.',0,1,1,'2009-12-17 00:16:05','2021-03-15 22:26:01'),(3,3,35,'Accusantium similique voluptates dolores itaque ut iure voluptatibus qui. At voluptas sunt aut cupiditate ullam dolorem. Dolores cum a sed omnis.',1,0,NULL,'1986-05-15 00:18:52','2021-03-15 22:23:54'),(4,4,39,'Laborum sapiente esse labore numquam. Et sit quam dolores ut et. Qui asperiores et provident ut.',1,1,0,'1981-09-12 18:35:57','2021-03-15 22:26:01'),(5,5,81,'Ad quia laborum id est qui unde. Dolorum non illo optio voluptatibus suscipit repudiandae. Id quaerat quisquam non sit. Nostrum dolorem maiores aperiam adipisci.',0,1,1,'1986-10-15 22:27:59','2021-03-15 22:26:01'),(6,6,38,'Magnam id non illum qui ut. In aliquid quis saepe ipsum dignissimos quis. Error deserunt similique vero perspiciatis.',1,1,1,'1973-02-24 22:54:39','2021-03-15 22:26:01'),(7,7,29,'Sunt ex enim distinctio. Corporis eum debitis nihil dolorem tempora ad. In quis sunt odio assumenda sunt voluptatibus nisi. Maiores optio voluptate omnis officiis laborum. Quo eos non molestiae quis quaerat eum.',0,0,NULL,'1972-11-13 02:33:17','2021-03-15 22:23:54'),(8,8,68,'Qui aut porro iste enim excepturi vel voluptas rerum. Nostrum dolore quae non maxime voluptas voluptates. Nisi odit qui quia molestias.',1,0,NULL,'2000-10-10 12:46:40','2021-03-15 22:23:54'),(9,9,8,'Officia impedit natus dolores dolor assumenda doloribus. Rerum ipsa quam excepturi sapiente fugit esse dolor. Veniam est et voluptatibus dolorum ut libero. Illum dolores illum ad praesentium esse et voluptatem.',0,1,1,'2009-05-11 17:50:23','2021-03-15 22:26:01'),(10,10,52,'Quod molestias non repudiandae. Saepe et aut perferendis ut ipsum. Ut qui a illum. Optio vel id corporis.',1,1,0,'1988-12-10 11:14:39','2021-03-15 22:26:01'),(11,11,69,'Quam voluptas ex voluptatibus eos consequatur harum ipsa. Et velit incidunt fuga sint qui sunt excepturi. Omnis officiis enim perferendis. Quas qui praesentium quam dolore.',0,0,NULL,'1984-01-12 22:28:24','2021-03-15 22:23:54'),(12,12,90,'Sed et sapiente unde pariatur voluptatum doloremque. A nihil pariatur aut quia. Ut et deleniti voluptatum quia perspiciatis.',0,1,0,'2004-09-06 23:14:30','2021-03-15 22:26:01'),(13,13,32,'Neque est quia quas ipsa ipsam non temporibus. Distinctio unde soluta cum et et eos quis. Est eaque ducimus voluptas non natus.',1,0,NULL,'2006-06-17 11:47:06','2021-03-15 22:23:54'),(14,14,3,'Itaque numquam id et sit omnis eligendi esse. Recusandae impedit qui explicabo. Est culpa et tempore itaque. Fugit rem molestiae nihil.',0,0,NULL,'1987-02-02 21:28:34','2021-03-15 22:23:54'),(15,15,5,'Et corrupti error quidem aut et delectus quia. Iure et perferendis ea autem at quaerat culpa. Rerum et beatae et dolores. Impedit dolorem placeat quasi cum.',0,0,NULL,'1971-01-23 05:12:42','2021-03-15 22:23:54'),(16,16,48,'Velit ducimus enim ut. Dolorem vitae consequatur nisi quidem. Omnis odit debitis temporibus eos ut libero officiis. Voluptatem nihil voluptatem rerum.',0,1,1,'1983-08-06 13:36:55','2021-03-15 22:26:01'),(17,17,76,'Earum laboriosam suscipit qui. Sed et sunt aut in nobis. Itaque tempore corporis et sed natus magni.',0,0,NULL,'2007-02-02 03:07:38','2021-03-15 22:23:54'),(18,18,69,'Quas aliquid praesentium aliquid ut delectus. Optio consectetur ducimus ipsum perspiciatis debitis.',1,0,NULL,'1994-04-04 16:15:23','2021-03-15 22:23:54'),(19,19,92,'Recusandae sequi itaque voluptas ut sunt. Ut minus quis sit beatae velit culpa. Quibusdam non magni earum enim nesciunt illum. Quia ut excepturi quidem dolorem harum aperiam.',0,1,0,'1990-06-14 04:11:42','2021-03-15 22:26:01'),(20,20,50,'Sint facilis non voluptas rerum consequatur. Velit distinctio quasi sint sit aliquid natus illum rerum.',0,0,NULL,'2010-04-19 05:32:44','2021-03-15 22:23:54'),(21,21,33,'Consequatur libero fuga cumque sapiente. Optio et expedita quae sit illum nemo quia. Quia eius aperiam omnis fugit delectus recusandae quia.',0,1,0,'2006-11-01 18:01:51','2021-03-15 22:26:01'),(22,22,5,'Cum excepturi earum praesentium quis cum laboriosam qui. Officiis modi nostrum illo beatae repellat sit.',0,1,0,'1999-07-04 00:14:46','2021-03-15 22:26:01'),(23,23,69,'Perferendis velit voluptatibus pariatur impedit. Optio accusamus necessitatibus sint recusandae ut. Autem ut assumenda velit.',0,0,NULL,'1999-03-01 19:13:23','2021-03-15 22:23:54'),(24,24,70,'Voluptas sunt explicabo aut consequatur similique sunt et animi. Quibusdam voluptas omnis architecto autem. Eligendi reprehenderit voluptatum magnam iusto sequi eos.',0,0,NULL,'1974-07-22 23:26:41','2021-03-15 22:23:54'),(25,25,81,'Suscipit rerum reiciendis consectetur tempore quibusdam. Magni qui magnam voluptas placeat dolorem aut similique. Rem quaerat sed aliquam minus maxime dolor a.',0,1,1,'1996-09-30 09:05:29','2021-03-15 22:26:01'),(26,26,15,'Repudiandae atque recusandae eligendi id et. Debitis quis quia optio non id ut. Quo at saepe blanditiis aut et.',1,1,0,'1999-01-18 21:06:49','2021-03-15 22:26:01'),(27,27,61,'Sunt modi minus iste qui. Sed aspernatur hic vel ratione ut. Ut itaque porro porro numquam.',0,0,NULL,'2016-07-30 03:18:56','2021-03-15 22:23:54'),(28,28,97,'Voluptas autem et similique officia. Non dolorem cupiditate in distinctio aperiam aspernatur. Recusandae mollitia debitis magnam vel.',1,0,NULL,'2001-02-05 08:26:21','2021-03-15 22:23:54'),(29,29,82,'Minima eum explicabo ut. Fuga eos quia assumenda.',1,1,0,'2012-10-27 19:43:38','2021-03-15 22:26:01'),(30,30,62,'Non enim quas omnis accusamus possimus aut veritatis. Eum minus voluptatibus nihil consequatur sapiente commodi repellat. Omnis quo tempora non minus aspernatur ipsam in omnis. Illo fuga ullam esse ab. Nulla sint molestiae dicta optio sapiente.',1,0,NULL,'2019-10-04 07:28:57','2021-03-15 22:23:54'),(31,31,89,'Ut iure adipisci labore. Eos laboriosam non libero ipsum. Est architecto quod consequatur. Odio doloremque excepturi qui perspiciatis.',0,0,NULL,'1993-10-18 12:13:59','2021-03-15 22:23:54'),(32,32,25,'Cumque assumenda sit beatae sint nobis qui a. Omnis necessitatibus nisi sit omnis totam doloribus omnis necessitatibus. Officia impedit ullam unde eius animi doloremque. Sed amet vitae quam deserunt sequi a.',0,0,NULL,'2009-08-03 18:43:12','2021-03-15 22:23:54'),(33,33,65,'Cupiditate in veritatis dolores eos. Et consequatur a nihil optio quae rerum dolores asperiores. Natus quia esse iusto adipisci saepe error voluptatem et. In velit unde laudantium voluptates molestiae corporis.',1,1,0,'1972-04-24 09:35:56','2021-03-15 22:26:01'),(34,34,35,'Voluptatibus odio qui quia tempora reprehenderit laborum nemo quae. Eos dolorum voluptate sapiente architecto voluptatem consequatur. Quaerat amet id consectetur fugit et.',0,0,NULL,'1998-10-25 01:34:21','2021-03-15 22:23:54'),(35,35,46,'Est recusandae aperiam rem ad minus. Et expedita autem sed sequi id. Amet eaque quaerat iusto quis. Omnis fugit aut accusamus non.',1,0,NULL,'2005-09-13 07:28:21','2021-03-15 22:23:54'),(36,36,73,'Qui quos ut esse fugit sunt officiis. Dolores ut ducimus enim ut sit veniam iure. Rerum praesentium a saepe rem consequuntur. Rem accusantium at magni dolores vitae.',0,1,1,'1983-01-02 07:14:03','2021-03-15 22:26:01'),(37,37,27,'Est quia ut sint illum. Autem molestias rerum voluptatem nemo sed at. Quia nulla provident accusamus recusandae recusandae quas non. Vel veritatis quo et voluptate ut.',1,0,NULL,'1989-03-19 00:04:26','2021-03-15 22:23:54'),(38,38,10,'Error praesentium id rerum nisi. Libero soluta reprehenderit nulla deleniti.',1,0,NULL,'1985-12-01 12:24:29','2021-03-15 22:23:54'),(39,39,11,'Dolorum tempore eos repellat ut. Distinctio nostrum eum et repudiandae laboriosam quis libero. Perspiciatis et maiores ea error qui provident. Omnis quibusdam vel nesciunt sint. Autem quia voluptates magni aut.',1,1,0,'2008-01-17 07:52:52','2021-03-15 22:26:01'),(40,40,16,'Laboriosam pariatur et ducimus id dolor quis. Et illum ipsa eaque quaerat laboriosam mollitia fugiat. Itaque deleniti eos reiciendis veniam. Eos unde qui mollitia et assumenda aut.',1,0,NULL,'1999-01-31 06:53:53','2021-03-15 22:23:54'),(41,41,9,'Ullam ut qui asperiores id. Aspernatur reiciendis suscipit totam error. Et dolores repellat nihil.',1,0,NULL,'1974-06-19 15:50:05','2021-03-15 22:23:54'),(42,42,12,'Eos maxime fugiat quibusdam non est eum. Accusamus sint tempora molestiae maiores aperiam cum ipsa. Aliquid distinctio quos nostrum voluptatem. Eum sapiente laboriosam veniam dolorem cum qui et.',1,1,1,'1981-02-20 12:41:28','2021-03-15 22:26:01'),(43,43,72,'Error quasi aut animi ea cum non veniam. Eos aut distinctio accusamus fugit. Aliquam qui enim necessitatibus delectus porro adipisci. Dolore quasi sed ipsam et atque porro officia.',1,1,0,'1989-05-16 17:17:10','2021-03-15 22:26:01'),(44,44,91,'Corporis voluptas consequatur voluptas repellendus deleniti vel nobis. Animi aut repellendus accusamus sit eligendi. Voluptatem voluptate eos velit sequi. Inventore commodi ut ut distinctio libero occaecati soluta.',1,1,1,'2006-02-23 07:12:40','2021-03-15 22:26:01'),(45,45,92,'Natus natus asperiores quibusdam magni saepe at quod. Ut eos quo eveniet aut magni. Maxime eaque excepturi est enim est sapiente necessitatibus et.',0,1,1,'2016-10-08 22:47:48','2021-03-15 22:26:01'),(46,46,94,'Provident laudantium assumenda vel architecto. Velit iste consequuntur dicta ratione voluptates praesentium. Officiis omnis aperiam tenetur vitae cumque nulla aliquam. Error est aliquam dolorum culpa a praesentium cum quia.',0,0,NULL,'2002-08-11 20:22:39','2021-03-15 22:23:54'),(47,47,88,'Tempora aut molestiae est deleniti. Hic non sunt alias consectetur minima similique officia. Sunt omnis dicta aliquam. Incidunt eveniet consequuntur eum ut ut omnis aut. Voluptas sunt debitis vitae qui suscipit.',1,1,1,'2005-01-31 16:25:18','2021-03-15 22:26:01'),(48,48,92,'Praesentium nam voluptatum laboriosam nesciunt velit. Repudiandae eveniet ipsa nihil doloremque necessitatibus quae dolorem consequatur. Magnam quas asperiores ut velit neque voluptatum eligendi voluptatibus.',0,0,NULL,'2011-03-24 01:34:31','2021-03-15 22:23:54'),(49,49,72,'Aperiam commodi dolore nemo aut incidunt sint. Id aut voluptas adipisci nobis. Non enim suscipit et rerum fuga neque. Sunt non vel dignissimos quia occaecati.',1,1,0,'2007-11-24 05:42:42','2021-03-15 22:26:01'),(50,50,5,'Culpa id vero assumenda illum aut. Enim ex nostrum et quia veritatis dolores est cum. Ea similique aperiam dicta itaque.',0,0,NULL,'1970-08-03 13:33:40','2021-03-15 22:23:54'),(51,51,23,'Enim quod placeat aut cupiditate quidem. Possimus animi sed dignissimos numquam sint maxime. Est sequi voluptas qui. Dicta consequatur velit et incidunt hic numquam.',0,0,NULL,'1985-06-30 06:29:15','2021-03-15 22:23:54'),(52,52,54,'Perferendis dolor provident atque in omnis. Consectetur blanditiis dolor rerum consequatur reprehenderit. Corrupti reprehenderit eius laudantium consequatur accusantium ducimus assumenda.',0,1,1,'1999-08-29 11:57:34','2021-03-15 22:26:01'),(53,53,51,'Eum est quia possimus aut odio assumenda at. Sequi dolor velit alias doloremque. Deleniti et quod ea aliquam. Ipsum ducimus accusamus eos id aut dolores.',0,0,NULL,'2014-12-18 21:23:14','2021-03-15 22:23:54'),(54,54,96,'Harum ad sit qui. Unde voluptas qui libero quasi. Nihil distinctio illum odit itaque maxime id ipsa sint. Aut maxime provident veniam id molestias nostrum. Nihil sed odit ad minus.',1,1,0,'2016-04-07 21:53:10','2021-03-15 22:26:01'),(55,55,61,'Cum sint quae quia animi illum. Non architecto aut aut autem voluptatem molestiae. Occaecati quae minus deleniti fuga.',1,0,NULL,'2018-08-02 20:05:47','2021-03-15 22:23:54'),(56,56,32,'Dolorem dignissimos earum repudiandae ut placeat rerum laborum. Sit ut ut architecto ipsum excepturi. Distinctio et ipsum qui expedita consequuntur id est.',0,0,NULL,'1976-04-10 18:08:23','2021-03-15 22:23:54'),(57,57,56,'Odio aut enim quis eum. Esse nemo vel quia.',0,0,NULL,'2009-08-23 03:20:28','2021-03-15 22:23:54'),(58,58,18,'Quidem aut nihil enim dicta ullam perspiciatis qui in. Est modi doloribus voluptatem non possimus dolor saepe. Commodi possimus qui nisi autem natus aspernatur non consequatur. At provident similique laboriosam est sunt fugit.',0,1,1,'2014-07-21 14:17:10','2021-03-15 22:26:01'),(59,59,10,'Nesciunt est inventore perferendis voluptate quo. Quia cumque velit facilis aut quia eligendi libero. Harum non saepe et aut facilis atque.',1,0,NULL,'2004-12-29 11:07:08','2021-03-15 22:23:54'),(60,60,42,'Enim consequatur quia corporis nisi dignissimos. Commodi earum et laudantium excepturi delectus. Eaque alias consectetur rerum mollitia et aut. Et libero nisi voluptas quia hic laudantium. Aut consequuntur distinctio corporis voluptas.',1,1,0,'2015-11-06 16:33:36','2021-03-15 22:26:01'),(61,61,52,'Temporibus ipsa voluptatem quidem hic vero. Voluptates officia doloremque maiores qui minus officiis similique. Repellat sed modi consectetur qui labore. Ad maxime facilis et voluptas excepturi dolore eligendi. Dolores et velit velit aut rerum.',1,0,NULL,'1998-11-04 23:59:55','2021-03-15 22:23:54'),(62,62,31,'Repellendus sapiente et architecto et. Rerum non assumenda tempore omnis quisquam officia quod. Velit temporibus totam voluptatibus repellendus.',1,0,NULL,'1975-12-24 06:00:37','2021-03-15 22:23:54'),(63,63,90,'Pariatur maxime est eius et occaecati consequatur sequi. Tempore ea minus nulla tempora.',1,0,NULL,'1982-10-28 16:46:02','2021-03-15 22:23:54'),(64,64,93,'Exercitationem cum est rem voluptatem enim numquam et. Maiores expedita ipsum perferendis iure. Sed repellat in nesciunt. Nostrum pariatur qui reiciendis architecto quas illum tempora. Iure ex ex odio aspernatur molestias doloribus iste.',1,1,0,'2014-10-16 17:47:38','2021-03-15 22:26:01'),(65,65,34,'Voluptatem et odit est ea omnis. Inventore nihil quis voluptatem maiores omnis enim. Aut id consequatur perspiciatis. Quia quia consectetur necessitatibus nesciunt temporibus odit.',0,1,0,'1986-04-26 04:21:58','2021-03-15 22:26:01'),(66,66,9,'Animi at quia eaque ducimus necessitatibus voluptas quod. Est nihil nihil enim quia. Eveniet rerum incidunt incidunt accusamus occaecati libero.',1,0,NULL,'1999-01-10 02:35:27','2021-03-15 22:23:54'),(67,67,32,'Sint maxime excepturi velit. Harum in aut debitis. Ab perferendis dicta ullam nam ratione est ex. Debitis aperiam ut quia omnis ut consequatur.',1,0,NULL,'2004-05-09 17:12:04','2021-03-15 22:23:54'),(68,68,17,'Porro dicta dolorem qui eum soluta rerum facilis qui. Ut excepturi aut eum. Tempora et blanditiis aut ea. Minima quod delectus itaque quibusdam natus nam quia.',1,0,NULL,'2010-05-12 02:51:07','2021-03-15 22:23:54'),(69,69,61,'Quaerat est doloremque ex. Laborum eos consequatur vel qui sunt sed ullam. Sed harum nihil in non voluptas asperiores eos.',0,0,NULL,'1974-01-29 08:11:57','2021-03-15 22:23:54'),(70,70,15,'Magni sapiente similique sint unde quisquam. Tempora veniam omnis saepe. Est odit neque ratione consectetur sint sed sed. Sint voluptatibus nihil molestiae laborum blanditiis nesciunt quia voluptatem.',0,0,NULL,'1995-03-27 18:59:31','2021-03-15 22:23:54'),(71,71,44,'Quasi et aut necessitatibus autem. Sed temporibus minima atque sequi. Quia aut reprehenderit ut itaque sit quo quisquam. Voluptatum iste autem ducimus non temporibus et fuga.',1,0,NULL,'1991-01-07 10:31:34','2021-03-15 22:23:54'),(72,72,49,'Officiis ea magni molestiae voluptatem enim neque. Error et quae eius nam quia. Vero nemo et sed ullam.',1,1,1,'2007-06-06 09:55:04','2021-03-15 22:26:01'),(73,73,80,'Illum et sequi dolorem aut qui id qui nobis. Iure autem voluptatibus voluptates. Nisi maxime id commodi enim aut.',0,1,1,'2002-04-08 09:58:49','2021-03-15 22:26:01'),(74,74,35,'Et quod voluptas est quia sunt voluptatibus voluptate. Atque ut pariatur incidunt quasi est. Explicabo consequatur sit veniam et sapiente.',1,0,NULL,'2014-09-15 13:42:26','2021-03-15 22:23:54'),(75,75,55,'Aliquam quam quibusdam laborum cumque quos. Odit ea neque ducimus id. Non animi voluptatum tenetur officia nemo.',1,0,NULL,'1998-04-27 12:44:49','2021-03-15 22:23:54'),(76,76,11,'Suscipit maxime eum odit et laudantium illo. Praesentium et est ratione harum libero. Voluptatem sunt omnis tempora aspernatur et quibusdam quaerat. Incidunt modi aliquid molestiae hic et et.',1,0,NULL,'1993-05-17 09:57:57','2021-03-15 22:23:54'),(77,77,60,'Consectetur natus consequatur soluta dolorem suscipit. Aut a hic asperiores et corporis repellendus est aut. Dignissimos in cumque quis aperiam voluptatem. Aut eum ullam animi corrupti placeat esse vel.',0,1,0,'2004-02-24 13:53:41','2021-03-15 22:26:01'),(78,78,47,'Fugiat voluptatem eligendi quia. Ut aut sed corporis amet alias. Saepe et tempora doloremque et sit saepe.',0,0,NULL,'1972-04-01 04:25:36','2021-03-15 22:23:54'),(79,79,69,'Adipisci harum nihil modi expedita omnis id. Voluptas sint asperiores quis ut nam quod. Minus et maxime alias sunt sunt.',1,0,NULL,'2015-08-02 11:41:51','2021-03-15 22:23:54'),(80,80,18,'Quis modi quisquam aut quia consequatur dolor. Recusandae repellat amet harum aut unde quis et. Corporis exercitationem quaerat fuga qui qui vero eaque.',1,0,NULL,'2013-10-09 09:31:22','2021-03-15 22:23:54'),(81,81,94,'Eum et possimus aspernatur neque tempore ipsam ut et. Voluptatibus alias dolore ea reiciendis iure. Sed ut eligendi tenetur quis.',1,1,0,'1990-11-02 13:13:43','2021-03-15 22:26:01'),(82,82,75,'Doloremque ut libero mollitia molestiae neque. Voluptas delectus dolorem quidem dolorem perspiciatis placeat unde.',0,1,0,'2004-08-27 19:04:28','2021-03-15 22:26:01'),(83,83,98,'Itaque assumenda dolor iusto suscipit eveniet qui et. Nulla velit omnis culpa et magni. Et beatae vitae quisquam et aperiam et.',0,1,1,'1979-06-05 15:46:03','2021-03-15 22:26:01'),(84,84,92,'Nulla voluptas possimus dolorem at reprehenderit. Maxime laudantium perferendis quam laudantium quo reiciendis. Architecto alias non pariatur quas velit. Corrupti quo magnam et.',0,0,NULL,'1972-02-07 13:00:46','2021-03-15 22:23:54'),(85,85,15,'Quidem omnis cumque reiciendis neque rerum culpa. Possimus ut autem nobis aperiam magni rerum. Dolores minima quisquam dolorem eum ea aut. Qui quis consectetur nostrum.',0,1,1,'1979-01-22 10:25:40','2021-03-15 22:26:01'),(86,86,95,'Illo tenetur dignissimos amet et omnis et quae. Reprehenderit molestiae tempore est consequatur ducimus odio.',1,0,NULL,'1973-12-31 09:38:41','2021-03-15 22:23:54'),(87,87,95,'Tempore quia consequatur rem placeat. Molestiae optio quia laborum unde. Nostrum quisquam consequatur ut.',1,0,NULL,'1994-09-16 09:11:12','2021-03-15 22:23:54'),(88,88,70,'Nobis ut enim aliquam consequatur iste suscipit. Id necessitatibus vero perferendis voluptas eum.',0,1,1,'1992-06-24 22:23:43','2021-03-15 22:26:01'),(89,89,80,'Est aut rem ut. Aut laudantium eum vero pariatur veritatis. Suscipit vitae reiciendis qui et sed in.',1,0,NULL,'1997-08-15 12:36:10','2021-03-15 22:23:54'),(90,90,51,'Porro porro eveniet praesentium id officiis soluta dolor. Nam aperiam consequatur voluptatem eveniet iusto reiciendis culpa. Natus facere sunt impedit nemo velit eos ex.',1,1,0,'2015-08-29 14:07:20','2021-03-15 22:26:01'),(91,91,65,'Dolor sit officiis cupiditate omnis. Ut voluptate architecto voluptatem aut cum. Soluta non vero dolores eos non. Et doloremque a molestiae odit sapiente tempore voluptatem.',0,0,NULL,'2007-05-28 10:08:03','2021-03-15 22:23:54'),(92,92,69,'Eligendi maxime corporis enim accusamus praesentium aperiam delectus laudantium. Corporis velit unde et provident. Inventore modi qui soluta molestiae tenetur. Voluptates qui eos voluptatum ut.',0,1,0,'1976-10-15 18:40:04','2021-03-15 22:26:01'),(93,93,63,'Dicta unde autem impedit enim architecto rerum id. Ea et et vel similique praesentium. Quis aut suscipit saepe deserunt consequatur ut commodi.',1,0,NULL,'2001-09-21 04:00:41','2021-03-15 22:23:54'),(94,94,47,'Minus necessitatibus autem rem consequatur. Est ex quos fugiat dolor. Laboriosam aliquam sed amet quis eos tempora est. Iure sed sed veritatis earum.',0,0,NULL,'1977-01-04 03:22:11','2021-03-15 22:23:54'),(95,95,47,'Praesentium consequatur eveniet explicabo qui tempore sit. Hic qui dolorum ratione cumque repellendus omnis. Aut est at natus laboriosam autem at enim optio. Et consequatur asperiores perspiciatis cumque.',0,1,1,'2020-06-21 18:27:52','2021-03-15 22:26:01'),(96,96,17,'Architecto totam accusamus facilis voluptas quia corrupti consequatur. Optio suscipit ut enim. Iste tempore sapiente voluptatibus necessitatibus repudiandae voluptatem dolores. Ex maiores expedita aut omnis. Rem id dolor quidem saepe nulla quisquam dolor.',1,1,0,'1999-03-16 16:52:39','2021-03-15 22:26:01'),(97,97,45,'Illo illum animi occaecati sunt non ut. Cumque et possimus sit eaque perspiciatis debitis quod. Voluptatem dolore voluptatem aspernatur nisi voluptas aliquid quas.',0,1,1,'1990-09-26 21:34:12','2021-03-15 22:26:01'),(98,98,2,'Odit est culpa impedit consequatur unde sunt corporis. Assumenda consequatur et molestiae voluptatem. Vel dolorem libero animi non.',1,1,0,'1976-11-02 12:41:47','2021-03-15 22:26:01'),(99,99,47,'Ex rerum consequatur veniam atque. Incidunt non eos ut inventore et asperiores voluptatem aut. Provident deserunt iusto incidunt rerum et.',0,1,0,'1980-01-02 04:38:28','2021-03-15 22:26:01'),(100,100,53,'Officia unde adipisci ut. Eveniet eum autem et non soluta. Ex unde sint vitae atque autem quia saepe.',1,0,NULL,'2008-05-06 04:02:28','2021-03-15 22:23:54');
/*!40000 ALTER TABLE `messages` ENABLE KEYS */;
UNLOCK TABLES;

--
-- Table structure for table `posts`
--

DROP TABLE IF EXISTS `posts`;
/*!40101 SET @saved_cs_client     = @@character_set_client */;
/*!50503 SET character_set_client = utf8mb4 */;
CREATE TABLE `posts` (
  `id` int unsigned NOT NULL AUTO_INCREMENT,
  `user_id` int unsigned NOT NULL,
  `community_id` int unsigned DEFAULT NULL,
  `head` varchar(255) DEFAULT NULL,
  `body` text NOT NULL,
  `is_public` tinyint(1) DEFAULT '1',
  `is_archived` tinyint(1) DEFAULT '0',
  `created_at` datetime DEFAULT CURRENT_TIMESTAMP,
  `updated_at` datetime DEFAULT CURRENT_TIMESTAMP ON UPDATE CURRENT_TIMESTAMP,
  PRIMARY KEY (`id`),
  KEY `posts_fk_comm_id` (`community_id`),
  KEY `posts_fk_user_id` (`user_id`),
  CONSTRAINT `posts_fk_comm_id` FOREIGN KEY (`community_id`) REFERENCES `communities_users` (`community_id`),
  CONSTRAINT `posts_fk_user_id` FOREIGN KEY (`user_id`) REFERENCES `users` (`id`)
) ENGINE=InnoDB AUTO_INCREMENT=101 DEFAULT CHARSET=utf8mb4 COLLATE=utf8mb4_0900_ai_ci;
/*!40101 SET character_set_client = @saved_cs_client */;

--
-- Dumping data for table `posts`
--

LOCK TABLES `posts` WRITE;
/*!40000 ALTER TABLE `posts` DISABLE KEYS */;
INSERT INTO `posts` VALUES (1,66,NULL,'Eos','Eos maxime fugiat quibusdam non est eum. Accusamus sint tempora molestiae maiores aperiam cum ipsa. Aliquid distinctio quos nostrum voluptatem. Eum sapiente laboriosam veniam dolorem cum qui et.',1,0,'2021-03-21 18:35:03','2021-03-21 18:35:03'),(2,50,NULL,'Laborum','Laborum sapiente esse labore numquam. Et sit quam dolores ut et. Qui asperiores et provident ut.',1,0,'2021-03-21 18:35:03','2021-03-21 18:35:03'),(3,45,NULL,'Corporis','Corporis voluptas consequatur voluptas repellendus deleniti vel nobis. Animi aut repellendus accusamus sit eligendi. Voluptatem voluptate eos velit sequi. Inventore commodi ut ut distinctio libero occaecati soluta.',1,0,'2021-03-21 18:35:03','2021-03-21 18:35:03'),(4,23,NULL,'Ad','Ad quia laborum id est qui unde. Dolorum non illo optio voluptatibus suscipit repudiandae. Id quaerat quisquam non sit. Nostrum dolorem maiores aperiam adipisci.',1,0,'2021-03-21 18:35:03','2021-03-21 18:35:03'),(5,85,NULL,'Quidem','Quidem aut nihil enim dicta ullam perspiciatis qui in. Est modi doloribus voluptatem non possimus dolor saepe. Commodi possimus qui nisi autem natus aspernatur non consequatur. At provident similique laboriosam est sunt fugit.',1,0,'2021-03-21 18:35:03','2021-03-21 18:35:03'),(6,86,NULL,'Natus','Natus natus asperiores quibusdam magni saepe at quod. Ut eos quo eveniet aut magni. Maxime eaque excepturi est enim est sapiente necessitatibus et.',1,0,'2021-03-21 18:35:03','2021-03-21 18:35:03'),(7,77,NULL,'Sunt','Sunt modi minus iste qui. Sed aspernatur hic vel ratione ut. Ut itaque porro porro numquam.',1,0,'2021-03-21 18:35:03','2021-03-21 18:35:03'),(8,43,NULL,'Sint','Sint facilis non voluptas rerum consequatur. Velit distinctio quasi sint sit aliquid natus illum rerum.',1,0,'2021-03-21 18:35:03','2021-03-21 18:35:03'),(9,56,NULL,'Aperiam','Aperiam commodi dolore nemo aut incidunt sint. Id aut voluptas adipisci nobis. Non enim suscipit et rerum fuga neque. Sunt non vel dignissimos quia occaecati.',1,0,'2021-03-21 18:35:03','2021-03-21 18:35:03'),(10,86,NULL,'Et','Et corrupti error quidem aut et delectus quia. Iure et perferendis ea autem at quaerat culpa. Rerum et beatae et dolores. Impedit dolorem placeat quasi cum.',1,0,'2021-03-21 18:35:03','2021-03-21 18:35:03'),(11,89,NULL,'Repudiandae','Repudiandae atque recusandae eligendi id et. Debitis quis quia optio non id ut. Quo at saepe blanditiis aut et.',1,0,'2021-03-21 18:35:03','2021-03-21 18:35:03'),(12,90,NULL,'Eos','Eos maxime fugiat quibusdam non est eum. Accusamus sint tempora molestiae maiores aperiam cum ipsa. Aliquid distinctio quos nostrum voluptatem. Eum sapiente laboriosam veniam dolorem cum qui et.',1,0,'2021-03-21 18:35:03','2021-03-21 18:35:03'),(13,61,NULL,'Harum','Harum ad sit qui. Unde voluptas qui libero quasi. Nihil distinctio illum odit itaque maxime id ipsa sint. Aut maxime provident veniam id molestias nostrum. Nihil sed odit ad minus.',1,0,'2021-03-21 18:35:03','2021-03-21 18:35:03'),(14,72,NULL,'Eos','Eos maxime fugiat quibusdam non est eum. Accusamus sint tempora molestiae maiores aperiam cum ipsa. Aliquid distinctio quos nostrum voluptatem. Eum sapiente laboriosam veniam dolorem cum qui et.',1,0,'2021-03-21 18:35:03','2021-03-21 18:35:03'),(15,25,NULL,'Ad','Ad quia laborum id est qui unde. Dolorum non illo optio voluptatibus suscipit repudiandae. Id quaerat quisquam non sit. Nostrum dolorem maiores aperiam adipisci.',1,0,'2021-03-21 18:35:03','2021-03-21 18:35:03'),(16,50,NULL,'Dolorem','Dolorem dignissimos earum repudiandae ut placeat rerum laborum. Sit ut ut architecto ipsum excepturi. Distinctio et ipsum qui expedita consequuntur id est.',1,0,'2021-03-21 18:35:03','2021-03-21 18:35:03'),(17,46,NULL,'Minus','Minus necessitatibus autem rem consequatur. Est ex quos fugiat dolor. Laboriosam aliquam sed amet quis eos tempora est. Iure sed sed veritatis earum.',1,0,'2021-03-21 18:35:03','2021-03-21 18:35:03'),(18,5,NULL,'Temporibus','Temporibus ipsa voluptatem quidem hic vero. Voluptates officia doloremque maiores qui minus officiis similique. Repellat sed modi consectetur qui labore. Ad maxime facilis et voluptas excepturi dolore eligendi. Dolores et velit velit aut rerum.',1,0,'2021-03-21 18:35:03','2021-03-21 18:35:03'),(19,20,NULL,'Harum','Harum ad sit qui. Unde voluptas qui libero quasi. Nihil distinctio illum odit itaque maxime id ipsa sint. Aut maxime provident veniam id molestias nostrum. Nihil sed odit ad minus.',1,0,'2021-03-21 18:35:03','2021-03-21 18:35:03'),(20,99,NULL,'Repudiandae','Repudiandae atque recusandae eligendi id et. Debitis quis quia optio non id ut. Quo at saepe blanditiis aut et.',1,0,'2021-03-21 18:35:03','2021-03-21 18:35:03'),(21,4,NULL,'Dicta','Dicta unde autem impedit enim architecto rerum id. Ea et et vel similique praesentium. Quis aut suscipit saepe deserunt consequatur ut commodi.',1,0,'2021-03-21 18:35:03','2021-03-21 18:35:03'),(22,97,NULL,'Laboriosam','Laboriosam pariatur et ducimus id dolor quis. Et illum ipsa eaque quaerat laboriosam mollitia fugiat. Itaque deleniti eos reiciendis veniam. Eos unde qui mollitia et assumenda aut.',1,0,'2021-03-21 18:35:03','2021-03-21 18:35:03'),(23,20,NULL,'Dolorum','Dolorum ut laboriosam voluptas illo aperiam nihil. Ipsa quia consectetur eveniet. Dolorem quos doloremque vel facilis reprehenderit. Maiores sint possimus excepturi. Iusto iste expedita accusantium voluptatem.',1,0,'2021-03-21 18:35:03','2021-03-21 18:35:03'),(24,52,NULL,'Quidem','Quidem omnis cumque reiciendis neque rerum culpa. Possimus ut autem nobis aperiam magni rerum. Dolores minima quisquam dolorem eum ea aut. Qui quis consectetur nostrum.',1,0,'2021-03-21 18:35:03','2021-03-21 18:35:03'),(25,56,NULL,'Qui','Qui aut porro iste enim excepturi vel voluptas rerum. Nostrum dolore quae non maxime voluptas voluptates. Nisi odit qui quia molestias.',1,0,'2021-03-21 18:35:03','2021-03-21 18:35:03'),(26,54,NULL,'Est','Est quia ut sint illum. Autem molestias rerum voluptatem nemo sed at. Quia nulla provident accusamus recusandae recusandae quas non. Vel veritatis quo et voluptate ut.',1,0,'2021-03-21 18:35:03','2021-03-21 18:35:03'),(27,8,NULL,'Illo','Illo illum animi occaecati sunt non ut. Cumque et possimus sit eaque perspiciatis debitis quod. Voluptatem dolore voluptatem aspernatur nisi voluptas aliquid quas.',1,0,'2021-03-21 18:35:03','2021-03-21 18:35:03'),(28,49,NULL,'Porro','Porro porro eveniet praesentium id officiis soluta dolor. Nam aperiam consequatur voluptatem eveniet iusto reiciendis culpa. Natus facere sunt impedit nemo velit eos ex.',1,0,'2021-03-21 18:35:03','2021-03-21 18:35:03'),(29,47,NULL,'Tempora','Tempora aut molestiae est deleniti. Hic non sunt alias consectetur minima similique officia. Sunt omnis dicta aliquam. Incidunt eveniet consequuntur eum ut ut omnis aut. Voluptas sunt debitis vitae qui suscipit.',1,0,'2021-03-21 18:35:03','2021-03-21 18:35:03'),(30,56,NULL,'Architecto','Architecto totam accusamus facilis voluptas quia corrupti consequatur. Optio suscipit ut enim. Iste tempore sapiente voluptatibus necessitatibus repudiandae voluptatem dolores. Ex maiores expedita aut omnis. Rem id dolor quidem saepe nulla quisquam dolor.',1,0,'2021-03-21 18:35:03','2021-03-21 18:35:03'),(31,36,NULL,'Voluptas','Voluptas autem et similique officia. Non dolorem cupiditate in distinctio aperiam aspernatur. Recusandae mollitia debitis magnam vel.',1,0,'2021-03-21 18:35:03','2021-03-21 18:35:03'),(32,97,NULL,'Error','Error quasi aut animi ea cum non veniam. Eos aut distinctio accusamus fugit. Aliquam qui enim necessitatibus delectus porro adipisci. Dolore quasi sed ipsam et atque porro officia.',1,0,'2021-03-21 18:35:03','2021-03-21 18:35:03'),(33,68,NULL,'Perferendis','Perferendis velit voluptatibus pariatur impedit. Optio accusamus necessitatibus sint recusandae ut. Autem ut assumenda velit.',1,0,'2021-03-21 18:35:03','2021-03-21 18:35:03'),(34,91,NULL,'Minus','Minus necessitatibus autem rem consequatur. Est ex quos fugiat dolor. Laboriosam aliquam sed amet quis eos tempora est. Iure sed sed veritatis earum.',1,0,'2021-03-21 18:35:03','2021-03-21 18:35:03'),(35,46,NULL,'Earum','Earum laboriosam suscipit qui. Sed et sunt aut in nobis. Itaque tempore corporis et sed natus magni.',1,0,'2021-03-21 18:35:03','2021-03-21 18:35:03'),(36,36,NULL,'Accusantium','Accusantium similique voluptates dolores itaque ut iure voluptatibus qui. At voluptas sunt aut cupiditate ullam dolorem. Dolores cum a sed omnis.',1,0,'2021-03-21 18:35:03','2021-03-21 18:35:03'),(37,41,NULL,'Harum','Harum ad sit qui. Unde voluptas qui libero quasi. Nihil distinctio illum odit itaque maxime id ipsa sint. Aut maxime provident veniam id molestias nostrum. Nihil sed odit ad minus.',1,0,'2021-03-21 18:35:03','2021-03-21 18:35:03'),(38,18,NULL,'Earum','Earum laboriosam suscipit qui. Sed et sunt aut in nobis. Itaque tempore corporis et sed natus magni.',1,0,'2021-03-21 18:35:03','2021-03-21 18:35:03'),(39,79,NULL,'Quod','Quod molestias non repudiandae. Saepe et aut perferendis ut ipsum. Ut qui a illum. Optio vel id corporis.',1,0,'2021-03-21 18:35:03','2021-03-21 18:35:03'),(40,54,NULL,'Qui','Qui aut porro iste enim excepturi vel voluptas rerum. Nostrum dolore quae non maxime voluptas voluptates. Nisi odit qui quia molestias.',1,0,'2021-03-21 18:35:03','2021-03-21 18:35:03'),(41,46,NULL,'Praesentium','Praesentium nam voluptatum laboriosam nesciunt velit. Repudiandae eveniet ipsa nihil doloremque necessitatibus quae dolorem consequatur. Magnam quas asperiores ut velit neque voluptatum eligendi voluptatibus.',1,0,'2021-03-21 18:35:03','2021-03-21 18:35:03'),(42,16,NULL,'Suscipit','Suscipit maxime eum odit et laudantium illo. Praesentium et est ratione harum libero. Voluptatem sunt omnis tempora aspernatur et quibusdam quaerat. Incidunt modi aliquid molestiae hic et et.',1,0,'2021-03-21 18:35:03','2021-03-21 18:35:03'),(43,75,NULL,'Consectetur','Consectetur natus consequatur soluta dolorem suscipit. Aut a hic asperiores et corporis repellendus est aut. Dignissimos in cumque quis aperiam voluptatem. Aut eum ullam animi corrupti placeat esse vel.',1,0,'2021-03-21 18:35:03','2021-03-21 18:35:03'),(44,23,NULL,'Harum','Harum ad sit qui. Unde voluptas qui libero quasi. Nihil distinctio illum odit itaque maxime id ipsa sint. Aut maxime provident veniam id molestias nostrum. Nihil sed odit ad minus.',1,0,'2021-03-21 18:35:03','2021-03-21 18:35:03'),(45,74,NULL,'Sint','Sint facilis non voluptas rerum consequatur. Velit distinctio quasi sint sit aliquid natus illum rerum.',1,0,'2021-03-21 18:35:03','2021-03-21 18:35:03'),(46,38,NULL,'Porro','Porro porro eveniet praesentium id officiis soluta dolor. Nam aperiam consequatur voluptatem eveniet iusto reiciendis culpa. Natus facere sunt impedit nemo velit eos ex.',1,0,'2021-03-21 18:35:03','2021-03-21 18:35:03'),(47,9,NULL,'Voluptatem','Voluptatem et odit est ea omnis. Inventore nihil quis voluptatem maiores omnis enim. Aut id consequatur perspiciatis. Quia quia consectetur necessitatibus nesciunt temporibus odit.',1,0,'2021-03-21 18:35:03','2021-03-21 18:35:03'),(48,39,NULL,'Est','Est recusandae aperiam rem ad minus. Et expedita autem sed sequi id. Amet eaque quaerat iusto quis. Omnis fugit aut accusamus non.',1,0,'2021-03-21 18:35:03','2021-03-21 18:35:03'),(49,40,NULL,'Dolorem','Dolorem dignissimos earum repudiandae ut placeat rerum laborum. Sit ut ut architecto ipsum excepturi. Distinctio et ipsum qui expedita consequuntur id est.',1,0,'2021-03-21 18:35:03','2021-03-21 18:35:03'),(50,60,NULL,'Dolor','Dolor sit officiis cupiditate omnis. Ut voluptate architecto voluptatem aut cum. Soluta non vero dolores eos non. Et doloremque a molestiae odit sapiente tempore voluptatem.',1,0,'2021-03-21 18:35:03','2021-03-21 18:35:03'),(51,90,NULL,'Illo','Illo tenetur dignissimos amet et omnis et quae. Reprehenderit molestiae tempore est consequatur ducimus odio.',1,0,'2021-03-21 18:35:03','2021-03-21 18:35:03'),(52,67,NULL,'Quas','Quas aliquid praesentium aliquid ut delectus. Optio consectetur ducimus ipsum perspiciatis debitis.',1,0,'2021-03-21 18:35:03','2021-03-21 18:35:03'),(53,79,NULL,'Porro','Porro dicta dolorem qui eum soluta rerum facilis qui. Ut excepturi aut eum. Tempora et blanditiis aut ea. Minima quod delectus itaque quibusdam natus nam quia.',1,0,'2021-03-21 18:35:03','2021-03-21 18:35:03'),(54,48,NULL,'Itaque','Itaque assumenda dolor iusto suscipit eveniet qui et. Nulla velit omnis culpa et magni. Et beatae vitae quisquam et aperiam et.',1,0,'2021-03-21 18:35:03','2021-03-21 18:35:03'),(55,32,NULL,'Pariatur','Pariatur maxime est eius et occaecati consequatur sequi. Tempore ea minus nulla tempora.',1,0,'2021-03-21 18:35:03','2021-03-21 18:35:03'),(56,8,NULL,'Error','Error quasi aut animi ea cum non veniam. Eos aut distinctio accusamus fugit. Aliquam qui enim necessitatibus delectus porro adipisci. Dolore quasi sed ipsam et atque porro officia.',1,0,'2021-03-21 18:35:03','2021-03-21 18:35:03'),(57,89,NULL,'Temporibus','Temporibus ipsa voluptatem quidem hic vero. Voluptates officia doloremque maiores qui minus officiis similique. Repellat sed modi consectetur qui labore. Ad maxime facilis et voluptas excepturi dolore eligendi. Dolores et velit velit aut rerum.',1,0,'2021-03-21 18:35:03','2021-03-21 18:35:03'),(58,47,NULL,'Praesentium','Praesentium nam voluptatum laboriosam nesciunt velit. Repudiandae eveniet ipsa nihil doloremque necessitatibus quae dolorem consequatur. Magnam quas asperiores ut velit neque voluptatum eligendi voluptatibus.',1,0,'2021-03-21 18:35:03','2021-03-21 18:35:03'),(59,31,NULL,'Et','Et corrupti error quidem aut et delectus quia. Iure et perferendis ea autem at quaerat culpa. Rerum et beatae et dolores. Impedit dolorem placeat quasi cum.',1,0,'2021-03-21 18:35:03','2021-03-21 18:35:03'),(60,78,NULL,'Dicta','Dicta unde autem impedit enim architecto rerum id. Ea et et vel similique praesentium. Quis aut suscipit saepe deserunt consequatur ut commodi.',1,0,'2021-03-21 18:35:03','2021-03-21 18:35:03'),(61,65,NULL,'Porro','Porro dicta dolorem qui eum soluta rerum facilis qui. Ut excepturi aut eum. Tempora et blanditiis aut ea. Minima quod delectus itaque quibusdam natus nam quia.',1,0,'2021-03-21 18:35:03','2021-03-21 18:35:03'),(62,38,NULL,'Illum','Illum et sequi dolorem aut qui id qui nobis. Iure autem voluptatibus voluptates. Nisi maxime id commodi enim aut.',1,0,'2021-03-21 18:35:03','2021-03-21 18:35:03'),(63,43,NULL,'Est','Est quia ut sint illum. Autem molestias rerum voluptatem nemo sed at. Quia nulla provident accusamus recusandae recusandae quas non. Vel veritatis quo et voluptate ut.',1,0,'2021-03-21 18:35:03','2021-03-21 18:35:03'),(64,36,NULL,'Suscipit','Suscipit maxime eum odit et laudantium illo. Praesentium et est ratione harum libero. Voluptatem sunt omnis tempora aspernatur et quibusdam quaerat. Incidunt modi aliquid molestiae hic et et.',1,0,'2021-03-21 18:35:03','2021-03-21 18:35:03'),(65,12,NULL,'Praesentium','Praesentium consequatur eveniet explicabo qui tempore sit. Hic qui dolorum ratione cumque repellendus omnis. Aut est at natus laboriosam autem at enim optio. Et consequatur asperiores perspiciatis cumque.',1,0,'2021-03-21 18:35:03','2021-03-21 18:35:03'),(66,30,NULL,'Et','Et corrupti error quidem aut et delectus quia. Iure et perferendis ea autem at quaerat culpa. Rerum et beatae et dolores. Impedit dolorem placeat quasi cum.',1,0,'2021-03-21 18:35:03','2021-03-21 18:35:03'),(67,51,NULL,'Qui','Qui quos ut esse fugit sunt officiis. Dolores ut ducimus enim ut sit veniam iure. Rerum praesentium a saepe rem consequuntur. Rem accusantium at magni dolores vitae.',1,0,'2021-03-21 18:35:03','2021-03-21 18:35:03'),(68,34,NULL,'Ex','Ex rerum consequatur veniam atque. Incidunt non eos ut inventore et asperiores voluptatem aut. Provident deserunt iusto incidunt rerum et.',1,0,'2021-03-21 18:35:03','2021-03-21 18:35:03'),(69,31,NULL,'Odit','Odit est culpa impedit consequatur unde sunt corporis. Assumenda consequatur et molestiae voluptatem. Vel dolorem libero animi non.',1,0,'2021-03-21 18:35:03','2021-03-21 18:35:03'),(70,72,NULL,'Cum','Cum sint quae quia animi illum. Non architecto aut aut autem voluptatem molestiae. Occaecati quae minus deleniti fuga.',1,0,'2021-03-21 18:35:03','2021-03-21 18:35:03'),(71,95,NULL,'Nobis','Nobis ut enim aliquam consequatur iste suscipit. Id necessitatibus vero perferendis voluptas eum.',1,0,'2021-03-21 18:35:03','2021-03-21 18:35:03'),(72,72,NULL,'Tempore','Tempore quia consequatur rem placeat. Molestiae optio quia laborum unde. Nostrum quisquam consequatur ut.',1,0,'2021-03-21 18:35:03','2021-03-21 18:35:03'),(73,26,NULL,'Earum','Earum laboriosam suscipit qui. Sed et sunt aut in nobis. Itaque tempore corporis et sed natus magni.',1,0,'2021-03-21 18:35:03','2021-03-21 18:35:03'),(74,36,NULL,'Neque','Neque est quia quas ipsa ipsam non temporibus. Distinctio unde soluta cum et et eos quis. Est eaque ducimus voluptas non natus.',1,0,'2021-03-21 18:35:03','2021-03-21 18:35:03'),(75,95,NULL,'Cum','Cum excepturi earum praesentium quis cum laboriosam qui. Officiis modi nostrum illo beatae repellat sit.',1,0,'2021-03-21 18:35:03','2021-03-21 18:35:03'),(76,55,NULL,'Illum','Illum et sequi dolorem aut qui id qui nobis. Iure autem voluptatibus voluptates. Nisi maxime id commodi enim aut.',1,0,'2021-03-21 18:35:03','2021-03-21 18:35:03'),(77,76,NULL,'Tempora','Tempora aut molestiae est deleniti. Hic non sunt alias consectetur minima similique officia. Sunt omnis dicta aliquam. Incidunt eveniet consequuntur eum ut ut omnis aut. Voluptas sunt debitis vitae qui suscipit.',1,0,'2021-03-21 18:35:03','2021-03-21 18:35:03'),(78,71,NULL,'Sunt','Sunt modi minus iste qui. Sed aspernatur hic vel ratione ut. Ut itaque porro porro numquam.',1,0,'2021-03-21 18:35:03','2021-03-21 18:35:03'),(79,85,NULL,'Eos','Eos maxime fugiat quibusdam non est eum. Accusamus sint tempora molestiae maiores aperiam cum ipsa. Aliquid distinctio quos nostrum voluptatem. Eum sapiente laboriosam veniam dolorem cum qui et.',1,0,'2021-03-21 18:35:03','2021-03-21 18:35:03'),(80,72,NULL,'Doloremque','Doloremque ut libero mollitia molestiae neque. Voluptas delectus dolorem quidem dolorem perspiciatis placeat unde.',1,0,'2021-03-21 18:35:03','2021-03-21 18:35:03'),(81,1,NULL,'Eum','Eum et possimus aspernatur neque tempore ipsam ut et. Voluptatibus alias dolore ea reiciendis iure. Sed ut eligendi tenetur quis.',1,0,'2021-03-21 18:35:03','2021-03-21 18:35:03'),(82,33,NULL,'Animi','Animi at quia eaque ducimus necessitatibus voluptas quod. Est nihil nihil enim quia. Eveniet rerum incidunt incidunt accusamus occaecati libero.',1,0,'2021-03-21 18:35:03','2021-03-21 18:35:03'),(83,5,NULL,'Dolorem','Dolorem dignissimos earum repudiandae ut placeat rerum laborum. Sit ut ut architecto ipsum excepturi. Distinctio et ipsum qui expedita consequuntur id est.',1,0,'2021-03-21 18:35:03','2021-03-21 18:35:03'),(84,77,NULL,'Officiis','Officiis ea magni molestiae voluptatem enim neque. Error et quae eius nam quia. Vero nemo et sed ullam.',1,0,'2021-03-21 18:35:03','2021-03-21 18:35:03'),(85,84,NULL,'Doloremque','Doloremque ut libero mollitia molestiae neque. Voluptas delectus dolorem quidem dolorem perspiciatis placeat unde.',1,0,'2021-03-21 18:35:03','2021-03-21 18:35:03'),(86,71,NULL,'Voluptatibus','Voluptatibus odio qui quia tempora reprehenderit laborum nemo quae. Eos dolorum voluptate sapiente architecto voluptatem consequatur. Quaerat amet id consectetur fugit et.',1,0,'2021-03-21 18:35:03','2021-03-21 18:35:03'),(87,90,NULL,'Illo','Illo illum animi occaecati sunt non ut. Cumque et possimus sit eaque perspiciatis debitis quod. Voluptatem dolore voluptatem aspernatur nisi voluptas aliquid quas.',1,0,'2021-03-21 18:35:03','2021-03-21 18:35:03'),(88,3,NULL,'Aperiam','Aperiam commodi dolore nemo aut incidunt sint. Id aut voluptas adipisci nobis. Non enim suscipit et rerum fuga neque. Sunt non vel dignissimos quia occaecati.',1,0,'2021-03-21 18:35:03','2021-03-21 18:35:03'),(89,98,NULL,'Tempore','Tempore quia consequatur rem placeat. Molestiae optio quia laborum unde. Nostrum quisquam consequatur ut.',1,0,'2021-03-21 18:35:03','2021-03-21 18:35:03'),(90,63,NULL,'Illo','Illo tenetur dignissimos amet et omnis et quae. Reprehenderit molestiae tempore est consequatur ducimus odio.',1,0,'2021-03-21 18:35:03','2021-03-21 18:35:03'),(91,86,NULL,'Officia','Officia unde adipisci ut. Eveniet eum autem et non soluta. Ex unde sint vitae atque autem quia saepe.',1,0,'2021-03-21 18:35:03','2021-03-21 18:35:03'),(92,44,NULL,'Ut','Ut iure adipisci labore. Eos laboriosam non libero ipsum. Est architecto quod consequatur. Odio doloremque excepturi qui perspiciatis.',1,0,'2021-03-21 18:35:03','2021-03-21 18:35:03'),(93,33,NULL,'Repellendus','Repellendus sapiente et architecto et. Rerum non assumenda tempore omnis quisquam officia quod. Velit temporibus totam voluptatibus repellendus.',1,0,'2021-03-21 18:35:03','2021-03-21 18:35:03'),(94,24,NULL,'Illum','Illum et sequi dolorem aut qui id qui nobis. Iure autem voluptatibus voluptates. Nisi maxime id commodi enim aut.',1,0,'2021-03-21 18:35:03','2021-03-21 18:35:03'),(95,64,NULL,'Sint','Sint facilis non voluptas rerum consequatur. Velit distinctio quasi sint sit aliquid natus illum rerum.',1,0,'2021-03-21 18:35:03','2021-03-21 18:35:03'),(96,73,NULL,'Et','Et quod voluptas est quia sunt voluptatibus voluptate. Atque ut pariatur incidunt quasi est. Explicabo consequatur sit veniam et sapiente.',1,0,'2021-03-21 18:35:03','2021-03-21 18:35:03'),(97,27,NULL,'Illum','Illum et sequi dolorem aut qui id qui nobis. Iure autem voluptatibus voluptates. Nisi maxime id commodi enim aut.',1,0,'2021-03-21 18:35:03','2021-03-21 18:35:03'),(98,59,NULL,'Doloremque','Doloremque ut libero mollitia molestiae neque. Voluptas delectus dolorem quidem dolorem perspiciatis placeat unde.',1,0,'2021-03-21 18:35:03','2021-03-21 18:35:03'),(99,88,NULL,'Perferendis','Perferendis velit voluptatibus pariatur impedit. Optio accusamus necessitatibus sint recusandae ut. Autem ut assumenda velit.',1,0,'2021-03-21 18:35:03','2021-03-21 18:35:03'),(100,84,NULL,'Eligendi','Eligendi maxime corporis enim accusamus praesentium aperiam delectus laudantium. Corporis velit unde et provident. Inventore modi qui soluta molestiae tenetur. Voluptates qui eos voluptatum ut.',1,0,'2021-03-21 18:35:03','2021-03-21 18:35:03');
/*!40000 ALTER TABLE `posts` ENABLE KEYS */;
UNLOCK TABLES;

--
-- Table structure for table `profiles`
--

DROP TABLE IF EXISTS `profiles`;
/*!40101 SET @saved_cs_client     = @@character_set_client */;
/*!50503 SET character_set_client = utf8mb4 */;
CREATE TABLE `profiles` (
  `user_id` int unsigned NOT NULL COMMENT 'Ссылка на пользователя',
  `first_name` varchar(100) NOT NULL COMMENT 'Имя пользователя',
  `last_name` varchar(100) NOT NULL COMMENT 'Фамилия пользователя',
  `patronymic_name` varchar(100) DEFAULT NULL COMMENT 'Отчество пользователя',
  `gender_id` int unsigned DEFAULT NULL,
  `birthday` date DEFAULT NULL COMMENT 'Дата рождения',
  `photo_id` int unsigned DEFAULT NULL COMMENT 'Ссылка на основную фотографию пользователя',
  `user_status_id` int unsigned DEFAULT NULL,
  `city` varchar(130) DEFAULT NULL COMMENT 'Город проживания',
  `country` varchar(130) DEFAULT NULL COMMENT 'Страна проживания',
  `created_at` datetime DEFAULT CURRENT_TIMESTAMP COMMENT 'Время создания строки',
  `updated_at` datetime DEFAULT CURRENT_TIMESTAMP ON UPDATE CURRENT_TIMESTAMP COMMENT 'Время обновления строки',
  PRIMARY KEY (`user_id`),
  KEY `profiles_fk_gender_id` (`gender_id`),
  KEY `profiles_fk_user_status_id` (`user_status_id`),
  KEY `profiles_fk_photo_id` (`photo_id`),
  CONSTRAINT `profiles_fk_gender_id` FOREIGN KEY (`gender_id`) REFERENCES `gender` (`id`) ON DELETE SET NULL,
  CONSTRAINT `profiles_fk_photo_id` FOREIGN KEY (`photo_id`) REFERENCES `media` (`id`),
  CONSTRAINT `profiles_fk_user_id` FOREIGN KEY (`user_id`) REFERENCES `users` (`id`) ON DELETE CASCADE,
  CONSTRAINT `profiles_fk_user_status_id` FOREIGN KEY (`user_status_id`) REFERENCES `user_statuses` (`id`)
) ENGINE=InnoDB DEFAULT CHARSET=utf8mb4 COLLATE=utf8mb4_0900_ai_ci COMMENT='Профили';
/*!40101 SET character_set_client = @saved_cs_client */;

--
-- Dumping data for table `profiles`
--

LOCK TABLES `profiles` WRITE;
/*!40000 ALTER TABLE `profiles` DISABLE KEYS */;
INSERT INTO `profiles` VALUES (1,'Chad','Armstrong','Chad',2,'1996-03-25',1,2,'Schneiderbury','8647','2020-01-04 11:10:43','2021-03-15 22:12:27'),(2,'Verla','Bradtke','Verla',2,'1991-12-17',2,1,'Carletonshire','679918','1986-02-19 02:27:07','2021-03-15 22:12:27'),(3,'Roman','Lind','Roman',1,'1971-07-08',NULL,2,'Cassandrabury','808','2009-03-29 03:35:03','2021-03-15 22:35:41'),(4,'Mitchell','Nitzsche','Mitchell',1,'1997-09-15',NULL,5,'O\'Connerland','53161249','2005-03-06 18:37:39','2021-03-15 22:35:41'),(5,'Mariela','Hagenes','Mariela',1,'2008-02-24',NULL,2,'South Aniyah','34','1973-04-12 10:49:28','2021-03-15 22:35:41'),(6,'Destiny','Christiansen','Destiny',2,'1979-08-18',NULL,1,'Sauerborough','7','2007-03-30 19:46:57','2021-03-15 22:35:41'),(7,'Steve','Gislason','Steve',1,'2016-02-25',NULL,1,'West Kyleland','643154','2011-06-18 18:25:52','2021-03-15 22:35:41'),(8,'Jamil','Cummings','Jamil',2,'1994-05-17',NULL,3,'New Roslyn','991828320','2007-02-11 16:51:11','2021-03-15 22:35:41'),(9,'Beverly','Altenwerth','Beverly',2,'1976-05-16',NULL,1,'North Lavern','910041238','2008-02-16 13:54:59','2021-03-15 22:35:41'),(10,'Alyson','Shields','Alyson',1,'1971-05-22',NULL,5,'North Granville','8843','2020-09-24 17:04:56','2021-03-15 22:35:41'),(11,'Marvin','Douglas','Marvin',1,'2004-08-27',NULL,3,'Valliehaven','186','2006-03-02 08:27:14','2021-03-15 22:35:41'),(12,'Emilie','Abshire','Emilie',2,'2001-05-21',NULL,6,'West Lonzoland','8815584','1990-01-15 11:28:45','2021-03-15 22:35:41'),(13,'Korbin','Wilderman','Korbin',1,'2008-02-29',NULL,2,'Dinoside','71','1972-08-15 05:15:13','2021-03-15 22:35:41'),(14,'Lyric','Mertz','Lyric',1,'1992-08-06',NULL,2,'Yvetteberg','882718','1988-04-15 20:56:09','2021-03-15 22:35:41'),(15,'Rogelio','Harber','Rogelio',1,'2019-12-08',15,2,'Edgardomouth','27','1999-12-12 15:09:55','2021-03-15 22:12:27'),(16,'Adah','Mosciski','Adah',1,'2000-01-24',NULL,3,'O\'Haraland','30517274','2000-08-23 02:33:37','2021-03-15 22:35:41'),(17,'Tyrel','Beier','Tyrel',1,'1989-08-30',17,7,'Glenhaven','','1976-10-08 11:09:35','2021-03-15 22:12:27'),(18,'Sonny','Sauer','Sonny',1,'1980-11-25',18,5,'Andersonborough','81','1998-06-25 15:19:03','2021-03-15 22:12:27'),(19,'Maryse','O\'Conner','Maryse',1,'1983-02-19',NULL,1,'Lake Elena','45315','2009-07-12 01:34:09','2021-03-15 22:35:41'),(20,'Maurice','Yost','Maurice',2,'1970-08-23',20,6,'West Delphia','7889','2007-03-21 10:57:42','2021-03-15 22:12:27'),(21,'Brisa','West','Brisa',2,'2011-01-11',21,1,'South Mabelle','9166','1981-02-27 19:02:58','2021-03-15 22:12:13'),(22,'Jerrod','Jaskolski','Jerrod',2,'1995-10-11',NULL,7,'New Kyra','62307','1973-04-12 14:18:41','2021-03-15 22:35:41'),(23,'Hellen','Wolff','Hellen',1,'1989-10-27',NULL,3,'East Megane','4','1974-05-23 14:08:18','2021-03-15 22:35:41'),(24,'Asa','Stanton','Asa',2,'2014-11-23',24,6,'Lebsackton','58110','1978-01-02 02:22:32','2021-03-15 22:12:27'),(25,'Daphnee','Paucek','Daphnee',1,'1975-06-04',NULL,1,'North Whitney','71','1989-07-18 12:22:23','2021-03-15 22:35:41'),(26,'Claude','Zboncak','Claude',2,'1972-06-26',NULL,3,'Schinnermouth','5545461','1987-01-15 08:08:03','2021-03-15 22:35:41'),(27,'Ubaldo','Larkin','Ubaldo',1,'1998-10-02',NULL,2,'Ryanton','890465911','2011-03-24 06:09:57','2021-03-15 22:35:41'),(28,'Ethel','Waelchi','Ethel',2,'2012-09-22',NULL,6,'Donnyfort','3157684','1987-04-19 08:52:49','2021-03-15 22:35:41'),(29,'Daisha','Hirthe','Daisha',1,'1999-06-26',29,2,'Francisville','65515544','1978-06-26 20:56:05','2021-03-15 22:12:27'),(30,'Elvie','Frami','Elvie',2,'2016-10-13',NULL,2,'New Percymouth','360613414','2012-02-12 21:32:47','2021-03-15 22:35:41'),(31,'Waldo','Sipes','Waldo',2,'1986-05-02',NULL,3,'Hammesmouth','','1982-11-14 18:13:09','2021-03-15 22:35:41'),(32,'Hildegard','Beahan','Hildegard',1,'2018-08-21',32,7,'East Filibertoshire','790295','1987-06-25 19:20:27','2021-03-15 22:12:27'),(33,'Jeromy','Turcotte','Jeromy',1,'2018-03-14',NULL,2,'East Rey','885','2008-01-16 21:20:21','2021-03-15 22:35:41'),(34,'Domenick','Wolf','Domenick',2,'1981-06-01',34,3,'Douglasville','','2014-10-28 00:33:13','2021-03-15 22:12:27'),(35,'Sean','Ebert','Sean',2,'2002-11-05',NULL,7,'Port Viola','','2003-07-11 04:28:06','2021-03-15 22:35:41'),(36,'Garland','Grant','Garland',2,'2015-09-15',NULL,2,'Gislasonview','3','1987-06-17 18:48:34','2021-03-15 22:35:41'),(37,'Gordon','Fadel','Gordon',1,'1996-05-26',37,1,'Halvorsonview','25781489','1974-06-08 04:34:45','2021-03-15 22:11:55'),(38,'Theodore','Erdman','Theodore',2,'2015-03-16',NULL,5,'West Remingtonmouth','','1975-08-20 11:20:02','2021-03-15 22:35:41'),(39,'Roderick','Kohler','Roderick',2,'2011-07-05',39,3,'New Eloise','444','2007-08-25 03:33:49','2021-03-15 22:12:27'),(40,'Watson','Mante','Watson',1,'2012-10-07',40,2,'Ruthieport','19555419','1978-04-05 16:24:02','2021-03-15 22:12:27'),(41,'Emanuel','Kreiger','Emanuel',1,'2015-10-14',41,1,'Krystalchester','621','1973-11-01 03:34:25','2021-03-15 22:12:27'),(42,'Lionel','Davis','Lionel',1,'1997-08-12',42,3,'Alainatown','6161','1984-05-14 06:48:11','2021-03-15 22:12:27'),(43,'Vidal','Mraz','Vidal',1,'1974-10-23',43,6,'North Dale','365940','1997-02-18 16:07:49','2021-03-15 22:12:27'),(44,'Otha','D\'Amore','Otha',1,'1970-06-17',NULL,2,'Port Domingo','92','1973-07-28 11:48:49','2021-03-15 22:35:41'),(45,'Libbie','Bayer','Libbie',1,'1990-05-23',45,7,'Lake Derrickshire','736416','1992-11-09 13:59:28','2021-03-15 22:12:27'),(46,'John','Douglas','John',1,'2001-01-07',NULL,3,'Gibsonton','5347103','2012-07-30 23:10:09','2021-03-15 22:35:41'),(47,'Elisa','Krajcik','Elisa',2,'2016-06-09',NULL,5,'Marianashire','908475','2019-04-09 08:47:58','2021-03-15 22:35:41'),(48,'Queen','Adams','Queen',1,'2014-07-05',48,5,'Port Elijah','5','1985-06-21 11:11:47','2021-03-15 22:12:27'),(49,'Sibyl','Brekke','Sibyl',2,'1991-11-15',NULL,2,'Lubowitzbury','16894993','1989-07-05 14:41:36','2021-03-15 22:35:41'),(50,'Norris','Torp','Norris',1,'1998-08-31',50,6,'Stiedemannview','3148','2015-06-25 07:40:20','2021-03-15 22:12:27'),(51,'Garrison','Friesen','Garrison',2,'2013-09-17',NULL,1,'Rubenview','57985','1983-10-19 08:27:46','2021-03-15 22:35:41'),(52,'Jalon','Cummerata','Jalon',1,'1999-10-05',NULL,5,'New Ethan','106761','2019-05-10 18:09:51','2021-03-15 22:35:41'),(53,'Jared','Heller','Jared',2,'2009-02-09',NULL,7,'Justusmouth','66648488','1981-01-27 05:10:17','2021-03-15 22:35:41'),(54,'Lane','Klein','Lane',2,'2015-03-23',NULL,6,'Pagacbury','62','1975-01-05 23:04:04','2021-03-15 22:35:41'),(55,'Helmer','Doyle','Helmer',1,'2011-11-13',NULL,1,'North Guillermotown','293480','2000-09-27 09:05:51','2021-03-15 22:35:41'),(56,'Madelynn','Beer','Madelynn',2,'1990-05-15',NULL,6,'North Imaburgh','66','2011-01-22 14:45:23','2021-03-15 22:35:41'),(57,'Jillian','Lynch','Jillian',2,'1984-11-18',NULL,1,'Herthaberg','70743362','1976-11-08 11:52:16','2021-03-15 22:35:41'),(58,'Madeline','Hodkiewicz','Madeline',2,'1997-08-16',NULL,5,'North Adaline','46986','2008-05-02 20:56:40','2021-03-15 22:35:41'),(59,'Hollis','Watsica','Hollis',2,'1976-09-15',59,6,'West Eldaville','154007','2000-05-22 19:55:28','2021-03-15 22:12:27'),(60,'Mabelle','Powlowski','Mabelle',1,'1986-05-10',NULL,6,'Helmertown','533518','2016-07-01 10:18:24','2021-03-15 22:35:41'),(61,'Maryjane','Padberg','Maryjane',2,'2009-09-17',61,6,'East Annabellfurt','514','1986-03-26 05:04:07','2021-03-15 22:12:27'),(62,'Benedict','Hessel','Benedict',2,'1984-01-06',62,6,'Lake Keyshawnside','36918825','2017-08-13 03:16:14','2021-03-15 22:12:27'),(63,'Erin','Heidenreich','Erin',1,'1991-07-26',63,6,'Ronaldobury','','2014-12-19 16:40:13','2021-03-15 22:12:27'),(64,'Lester','Blick','Lester',1,'2020-07-23',64,2,'Crooksberg','11321','2012-02-01 18:58:58','2021-03-15 22:12:13'),(65,'Sallie','Wintheiser','Sallie',1,'2004-03-08',NULL,3,'Welchborough','32723691','2018-08-22 10:07:29','2021-03-15 22:35:41'),(66,'Miles','Jacobs','Miles',2,'2000-03-05',66,1,'Monahanmouth','40434','2008-01-30 06:46:41','2021-03-15 22:12:13'),(67,'Eve','Lebsack','Eve',1,'2008-04-27',NULL,7,'Cydneyfurt','','1977-01-04 09:47:50','2021-03-15 22:35:41'),(68,'Julian','Crooks','Julian',2,'2007-06-22',68,3,'Rasheedhaven','721664','1977-05-30 12:54:26','2021-03-15 22:12:27'),(69,'Thea','Doyle','Thea',1,'2014-08-04',69,6,'South Letha','8288','2011-01-10 01:14:24','2021-03-15 22:12:27'),(70,'Daren','Lynch','Daren',1,'1972-02-10',70,3,'Port Cloydshire','20','1981-06-28 22:20:39','2021-03-15 22:12:27'),(71,'Clement','Hilpert','Clement',1,'1985-05-12',NULL,1,'Port Mabeltown','1235','1975-09-23 02:03:39','2021-03-15 22:35:41'),(72,'Lila','Stamm','Lila',1,'2005-03-30',NULL,5,'Isaiview','5384','2008-11-29 14:28:21','2021-03-15 22:35:41'),(73,'Ashton','Kuhn','Ashton',1,'1977-01-11',73,3,'Reillyfort','15538080','2002-07-04 06:10:26','2021-03-15 22:12:27'),(74,'Theodore','Wehner','Theodore',1,'2005-08-30',NULL,3,'Millerport','9098159','1979-02-03 23:39:04','2021-03-15 22:35:41'),(75,'Sincere','Wyman','Sincere',1,'2020-07-04',NULL,7,'South Unatown','791','2018-04-12 14:03:55','2021-03-15 22:35:41'),(76,'Victoria','D\'Amore','Victoria',2,'2003-05-10',NULL,2,'Hillsmouth','42','1999-11-15 20:57:57','2021-03-15 22:35:41'),(77,'Raphael','Ankunding','Raphael',2,'1985-11-06',NULL,2,'East Ines','1426','2018-11-20 04:25:03','2021-03-15 22:35:41'),(78,'Vincent','Leffler','Vincent',2,'1982-05-21',NULL,2,'South Adolphus','7','1992-01-28 06:48:42','2021-03-15 22:35:41'),(79,'Al','Bradtke','Al',2,'1987-04-08',79,5,'East Golda','7','2009-01-07 11:10:19','2021-03-15 22:12:27'),(80,'Maximillia','Klocko','Maximillia',2,'2002-11-03',NULL,6,'West Violabury','7','2014-05-30 16:11:05','2021-03-15 22:35:41'),(81,'Marquise','Stark','Marquise',2,'1982-09-25',NULL,2,'Blockport','1642021','1977-12-05 18:37:43','2021-03-15 22:35:41'),(82,'Douglas','Herman','Douglas',1,'2004-05-10',NULL,2,'Lake Maximillian','','1997-10-19 11:21:30','2021-03-15 22:35:41'),(83,'Alice','O\'Reilly','Alice',2,'1976-09-21',83,7,'Port Cathy','','1985-09-13 08:13:59','2021-03-15 22:12:27'),(84,'Tyreek','Prosacco','Tyreek',2,'1997-11-14',84,7,'South Lavadabury','67186130','2019-04-02 07:21:04','2021-03-15 22:12:27'),(85,'Maritza','Harris','Maritza',1,'1990-08-03',NULL,1,'West Ivy','','1996-07-16 07:37:05','2021-03-15 22:35:41'),(86,'Leonora','Conn','Leonora',2,'1971-07-02',NULL,7,'Trinityland','8530','2015-07-07 16:01:00','2021-03-15 22:35:41'),(87,'Lori','Cremin','Lori',1,'1998-01-01',NULL,2,'Cormiertown','2','2019-07-19 05:27:35','2021-03-15 22:35:41'),(88,'Jessika','Kohler','Jessika',2,'2008-09-25',NULL,1,'Port Fredericberg','4248542','1980-11-26 01:40:58','2021-03-15 22:35:41'),(89,'Timothy','Bode','Timothy',1,'2020-10-01',89,5,'North Ardellafurt','21344524','1978-05-30 04:31:35','2021-03-15 22:12:27'),(90,'Santiago','Rice','Santiago',2,'2002-10-16',NULL,2,'Karashire','6','1977-11-17 23:17:31','2021-03-15 22:35:41'),(91,'Jerry','Wyman','Jerry',1,'1971-07-23',91,2,'Klockohaven','','1987-03-10 23:48:51','2021-03-15 22:11:55'),(92,'Gerard','Stroman','Gerard',2,'1975-10-21',NULL,7,'Brendanbury','7719190','1978-01-17 12:18:58','2021-03-15 22:35:41'),(93,'Velda','Rolfson','Velda',1,'1984-01-08',NULL,2,'East Christianville','63777','2015-03-26 15:12:34','2021-03-15 22:35:41'),(94,'Deja','Runolfsdottir','Deja',2,'2010-05-11',NULL,1,'Katrinefort','12829766','1995-08-08 17:52:44','2021-03-15 22:35:41'),(95,'Lane','Balistreri','Lane',1,'1974-03-09',NULL,5,'Port Treva','917426204','1982-10-15 21:50:33','2021-03-15 22:35:41'),(96,'Bertha','Treutel','Bertha',2,'2019-06-11',96,6,'West Vivianeport','560862162','2008-11-30 04:31:58','2021-03-15 22:12:27'),(97,'Maximillia','Eichmann','Maximillia',2,'2007-03-07',97,7,'O\'Haraport','94825923','2015-04-13 19:16:00','2021-03-15 22:12:27'),(98,'Bryce','Rempel','Bryce',1,'1999-03-24',NULL,3,'Lake Crystalberg','8867333','1998-01-26 16:21:39','2021-03-15 22:35:41'),(99,'Waldo','Bradtke','Waldo',1,'1991-08-05',99,7,'Ratkeberg','756909690','2019-05-21 18:26:18','2021-03-15 22:12:27'),(100,'Lessie','Simonis','Lessie',1,'1979-08-26',100,2,'Jazmynhaven','95333','2004-02-15 14:33:46','2021-03-15 22:12:27');
/*!40000 ALTER TABLE `profiles` ENABLE KEYS */;
UNLOCK TABLES;

--
-- Table structure for table `target_types`
--

DROP TABLE IF EXISTS `target_types`;
/*!40101 SET @saved_cs_client     = @@character_set_client */;
/*!50503 SET character_set_client = utf8mb4 */;
CREATE TABLE `target_types` (
  `id` int unsigned NOT NULL AUTO_INCREMENT COMMENT 'Идентификатор строки',
  `name` varchar(255) NOT NULL COMMENT 'Название типа',
  `created_at` datetime DEFAULT CURRENT_TIMESTAMP COMMENT 'Время создания строки',
  `updated_at` datetime DEFAULT CURRENT_TIMESTAMP ON UPDATE CURRENT_TIMESTAMP COMMENT 'Время обновления строки',
  PRIMARY KEY (`id`),
  UNIQUE KEY `name` (`name`)
) ENGINE=InnoDB AUTO_INCREMENT=5 DEFAULT CHARSET=utf8mb4 COLLATE=utf8mb4_0900_ai_ci COMMENT='Типы объектов лайков';
/*!40101 SET character_set_client = @saved_cs_client */;

--
-- Dumping data for table `target_types`
--

LOCK TABLES `target_types` WRITE;
/*!40000 ALTER TABLE `target_types` DISABLE KEYS */;
INSERT INTO `target_types` VALUES (1,'messages','2021-03-21 18:34:46','2021-03-21 18:34:46'),(2,'users','2021-03-21 18:34:46','2021-03-21 18:34:46'),(3,'media','2021-03-21 18:34:46','2021-03-21 18:34:46'),(4,'posts','2021-03-21 18:34:46','2021-03-21 18:34:46');
/*!40000 ALTER TABLE `target_types` ENABLE KEYS */;
UNLOCK TABLES;

--
-- Table structure for table `user_statuses`
--

DROP TABLE IF EXISTS `user_statuses`;
/*!40101 SET @saved_cs_client     = @@character_set_client */;
/*!50503 SET character_set_client = utf8mb4 */;
CREATE TABLE `user_statuses` (
  `id` int unsigned NOT NULL AUTO_INCREMENT COMMENT 'Индентификатор строки',
  `name` varchar(100) NOT NULL COMMENT 'Название статуса',
  `created_at` datetime NOT NULL DEFAULT CURRENT_TIMESTAMP COMMENT 'Время создания строки',
  `updated_at` datetime DEFAULT CURRENT_TIMESTAMP ON UPDATE CURRENT_TIMESTAMP COMMENT 'Время обновления строки',
  PRIMARY KEY (`id`)
) ENGINE=InnoDB AUTO_INCREMENT=8 DEFAULT CHARSET=utf8mb4 COLLATE=utf8mb4_0900_ai_ci COMMENT='Справочник статусов пользователя';
/*!40101 SET character_set_client = @saved_cs_client */;

--
-- Dumping data for table `user_statuses`
--

LOCK TABLES `user_statuses` WRITE;
/*!40000 ALTER TABLE `user_statuses` DISABLE KEYS */;
INSERT INTO `user_statuses` VALUES (1,'Single','2021-03-15 21:32:29','2021-03-15 21:32:29'),(2,'Married','2021-03-15 21:32:29','2021-03-15 21:32:29'),(3,'Divorced','2021-03-15 21:33:21','2021-03-15 22:09:57'),(5,'Searching','2021-03-15 21:35:14','2021-03-15 22:09:57'),(6,'It\'s complicated','2021-03-15 21:35:14','2021-03-15 22:09:57'),(7,'Widowed','2021-03-15 22:09:57','2021-03-15 22:10:36');
/*!40000 ALTER TABLE `user_statuses` ENABLE KEYS */;
UNLOCK TABLES;

--
-- Table structure for table `users`
--

DROP TABLE IF EXISTS `users`;
/*!40101 SET @saved_cs_client     = @@character_set_client */;
/*!50503 SET character_set_client = utf8mb4 */;
CREATE TABLE `users` (
  `id` int unsigned NOT NULL AUTO_INCREMENT COMMENT 'Идентификатор строки',
  `email` varchar(100) NOT NULL COMMENT 'Почта',
  `phone` varchar(100) NOT NULL COMMENT 'Телефон',
  `created_at` datetime DEFAULT CURRENT_TIMESTAMP COMMENT 'Время создания строки',
  `updated_at` datetime DEFAULT CURRENT_TIMESTAMP ON UPDATE CURRENT_TIMESTAMP COMMENT 'Время обновления строки',
  PRIMARY KEY (`id`),
  UNIQUE KEY `email` (`email`),
  UNIQUE KEY `phone` (`phone`)
) ENGINE=InnoDB AUTO_INCREMENT=101 DEFAULT CHARSET=utf8mb4 COLLATE=utf8mb4_0900_ai_ci COMMENT='Пользователи';
/*!40101 SET character_set_client = @saved_cs_client */;

--
-- Dumping data for table `users`
--

LOCK TABLES `users` WRITE;
/*!40000 ALTER TABLE `users` DISABLE KEYS */;
INSERT INTO `users` VALUES (1,'kertzmann.everett@example.net','1-365-350-9516x751','1992-12-09 14:13:52','2008-09-02 20:07:26'),(2,'ignatius.spinka@example.com','04694242202','2006-04-28 13:51:45','2016-05-10 07:51:50'),(3,'bgreenfelder@example.org','041-252-9905x42769','2008-03-11 18:28:32','2013-11-18 16:37:58'),(4,'donald92@example.org','118-692-9837x217','2011-12-29 13:24:00','1989-06-13 14:37:18'),(5,'lebert@example.com','09638863120','1970-07-12 01:54:49','2015-03-26 00:19:53'),(6,'torp.rigoberto@example.org','(848)384-1346','1997-12-12 20:54:09','2012-01-29 04:55:20'),(7,'carmen51@example.com','+32(8)1028118879','2009-03-04 07:48:46','2008-12-18 15:13:28'),(8,'chris.ward@example.net','1-952-257-5316x95523','2018-06-25 01:42:12','2015-10-30 07:41:15'),(9,'greenfelder.nelle@example.com','745.298.7587x38897','1980-03-05 07:50:48','1976-04-13 01:59:37'),(10,'elisabeth.howe@example.org','05186649402','1992-04-04 02:12:19','1995-07-21 08:58:52'),(11,'astrid78@example.com','312-460-6650','1996-05-27 09:46:06','2012-07-17 11:06:08'),(12,'martine.braun@example.org','539-151-7421x8226','1985-08-22 02:19:23','1996-08-08 21:20:10'),(13,'beahan.troy@example.com','(199)912-5274x839','1996-11-02 19:25:28','2015-09-24 17:20:44'),(14,'ulises99@example.com','825.822.8711x1141','2018-08-06 05:19:04','2004-10-17 16:22:40'),(15,'arempel@example.net','875-879-5043x644','1979-12-31 16:41:53','1983-04-24 03:27:50'),(16,'hayes.morton@example.com','1-022-258-0983x7893','2000-04-29 10:02:56','1981-02-07 04:10:56'),(17,'abshire.hope@example.net','017.971.2829','1995-12-23 17:52:57','1985-07-18 01:10:34'),(18,'lehner.kailyn@example.net','273-746-6005','1978-02-22 02:59:16','2010-02-03 09:38:10'),(19,'dovie.mccullough@example.com','09779759650','1997-11-06 04:31:44','2014-08-27 23:19:27'),(20,'lmclaughlin@example.org','611-464-7774x41509','2004-08-06 21:02:52','2002-04-29 14:36:38'),(21,'lorena79@example.org','180.259.5741x7024','2005-01-05 03:03:34','2015-10-08 16:40:58'),(22,'birdie22@example.com','029.676.6628x4604','1977-01-21 12:17:37','2000-12-28 07:51:48'),(23,'carroll.tina@example.com','(199)853-9976','2006-06-26 05:18:54','1972-02-23 01:31:06'),(24,'anader@example.com','782.923.2773x82599','1994-05-11 01:05:48','1974-04-19 10:59:58'),(25,'dena15@example.org','(608)682-8324','2018-06-07 18:41:08','1977-07-14 09:31:43'),(26,'bechtelar.marilou@example.net','(782)399-1973','1981-01-12 12:02:32','1994-12-11 06:33:22'),(27,'rebekah45@example.org','1-637-135-8049x333','1993-04-06 16:51:21','1996-04-19 20:40:23'),(28,'bobby36@example.net','384.058.2493x29944','1990-08-10 05:12:52','2006-07-28 07:25:34'),(29,'tillman.jamison@example.org','624.541.0120x023','2017-05-14 13:43:26','2010-06-29 11:18:24'),(30,'kaleigh81@example.net','02615614486','2015-01-01 13:29:37','1970-01-04 11:46:21'),(31,'lmraz@example.org','679.127.0354','2011-12-24 02:16:42','1996-11-23 13:28:08'),(32,'lind.waylon@example.com','1-125-679-5126x6487','1984-07-14 16:24:52','2010-08-26 04:31:26'),(33,'shields.brent@example.net','337.997.5735x686','1995-06-27 16:35:44','2001-06-07 13:47:11'),(34,'kevin49@example.org','466.536.4938','1986-10-13 23:22:28','1989-12-28 14:33:06'),(35,'maeve.hettinger@example.org','09421281975','2000-04-25 16:40:50','1982-06-02 07:27:49'),(36,'florian49@example.com','1-897-777-2703','1992-06-19 15:22:44','1980-10-26 16:28:23'),(37,'payton70@example.net','339.792.9808x467','2018-06-28 10:41:34','1974-05-17 18:16:48'),(38,'garrett41@example.net','(342)476-7811x602','1975-11-03 22:21:36','1977-03-21 14:18:30'),(39,'zhahn@example.org','(304)513-3370','2007-06-23 05:18:23','2002-05-27 19:41:08'),(40,'leffler.stan@example.org','138-237-0203','2010-10-25 12:14:49','1990-01-26 02:31:38'),(41,'igreenholt@example.org','+87(2)9969934912','1975-09-08 16:22:11','1995-09-08 03:48:06'),(42,'waylon26@example.net','922-392-8067','1980-07-08 17:42:48','2000-05-15 00:45:53'),(43,'osborne.pollich@example.net','249.468.6842','2017-12-30 23:55:19','2011-08-07 20:02:04'),(44,'erick68@example.net','(993)826-8297x875','1982-03-05 04:39:27','1996-05-25 09:46:52'),(45,'raegan.volkman@example.com','(423)708-9204','2014-10-18 22:23:56','1979-05-10 16:09:46'),(46,'destiny24@example.com','1-043-074-0348x02617','1990-03-31 19:20:30','2011-05-06 00:08:30'),(47,'effertz.lula@example.com','+68(8)7093897872','1977-11-23 09:16:41','2008-09-10 04:37:26'),(48,'ryleigh60@example.com','046-258-2365x45931','2013-04-28 16:24:11','1971-04-13 06:31:10'),(49,'zbarton@example.com','(209)366-0551x7029','2010-07-13 02:28:49','1994-11-23 12:59:03'),(50,'madeline90@example.org','1-242-516-9543x39643','1983-02-04 04:47:41','2007-09-01 12:37:42'),(51,'gregory.watsica@example.com','(797)333-2267x4045','1992-02-02 09:01:05','1982-02-05 03:17:17'),(52,'ollie45@example.net','1-807-482-5712','1980-02-22 21:45:03','1989-03-10 15:28:10'),(53,'chanel64@example.net','+55(4)2134838370','2017-05-12 05:28:40','1987-09-23 13:25:00'),(54,'bergstrom.scotty@example.net','043-154-1340x14177','1971-11-18 12:52:44','2004-09-21 03:31:03'),(55,'fprice@example.com','01476463983','1977-02-25 19:07:10','2004-07-24 05:19:40'),(56,'jimmy.wisozk@example.net','1-949-906-7396x229','1973-03-07 10:02:10','2006-12-28 10:25:50'),(57,'cody87@example.org','268.111.2189','1993-01-07 04:15:47','1993-06-29 19:49:51'),(58,'yundt.newell@example.org','910-752-5693x7229','1999-01-17 18:27:56','1973-09-29 05:48:48'),(59,'laurianne88@example.com','+92(6)2491593882','1994-03-19 20:14:20','1973-04-22 16:01:21'),(60,'dibbert.ansley@example.net','718-508-9054x4254','1991-02-17 19:48:03','1981-06-15 03:17:54'),(61,'abdul29@example.net','05580376822','2016-12-20 12:41:26','1977-03-23 03:32:22'),(62,'runte.monserrate@example.net','870-749-2559','1982-05-15 18:28:03','1994-03-30 17:54:16'),(63,'vandervort.jacinthe@example.net','1-293-517-6613','2014-07-12 08:46:02','2007-06-17 08:33:24'),(64,'mayert.krystina@example.org','439.983.3315','1998-09-25 02:00:19','1970-01-31 19:17:17'),(65,'kromaguera@example.org','771-789-4491','1972-04-15 17:20:41','1975-02-23 02:50:17'),(66,'lia22@example.org','(548)732-1527','1995-12-25 14:47:46','2020-02-06 02:28:16'),(67,'shields.orion@example.net','1-933-175-0388x8832','1995-01-10 23:11:59','2013-11-21 22:43:44'),(68,'cartwright.blanca@example.net','902.468.3387x477','1995-08-05 14:14:59','2013-10-21 03:25:43'),(69,'rschaden@example.net','+34(5)8091594049','2006-05-31 17:57:51','1972-05-21 07:21:02'),(70,'yasmine11@example.org','1-586-318-2899x66866','1979-10-19 15:30:31','2019-12-16 11:51:04'),(71,'ugreen@example.org','(094)966-6620','1976-02-02 07:41:48','1971-11-07 18:14:27'),(72,'oberbrunner.julie@example.com','(142)271-9399x97241','2019-07-30 11:34:46','1988-12-23 15:25:12'),(73,'flossie87@example.org','851-232-9895','1996-04-27 03:54:47','2011-03-01 17:45:14'),(74,'melody.stanton@example.com','1-300-068-0975','2018-12-14 05:23:43','2019-12-16 14:48:08'),(75,'glover.shannon@example.com','168-457-8499x222','1975-05-17 18:24:35','1996-08-29 22:56:36'),(76,'zackary.howe@example.net','248.441.7054','1999-08-01 12:42:12','2007-10-29 03:00:59'),(77,'madeline43@example.com','07860093874','1995-03-31 10:36:49','1989-06-12 16:42:27'),(78,'mwisozk@example.org','811.680.6209x57155','1998-02-21 21:51:23','2010-12-12 05:13:28'),(79,'koss.maverick@example.org','1-938-071-9950x8965','1985-07-17 11:50:52','2016-04-28 13:22:50'),(80,'arlo02@example.net','(171)899-4230x15089','1977-10-19 01:49:52','1983-07-13 17:12:14'),(81,'qharris@example.com','(809)119-6798x8578','1995-08-23 07:09:08','1972-03-11 20:07:41'),(82,'pierre.rempel@example.net','454.388.7801','2017-11-02 10:29:41','1994-08-10 04:21:09'),(83,'klein.madison@example.net','1-728-345-5258x8949','2006-12-21 02:16:39','2006-09-18 04:39:07'),(84,'nella.reichel@example.net','+47(9)3445982313','1997-03-13 16:38:47','1979-08-17 03:43:49'),(85,'fernando79@example.net','619.511.0213x689','2013-11-02 10:56:33','1990-04-21 00:53:23'),(86,'minerva74@example.net','382-272-5788','1998-10-21 05:37:21','1985-10-19 13:14:00'),(87,'russ35@example.net','1-402-315-2609','1988-02-16 13:59:43','1998-08-21 12:26:08'),(88,'brosenbaum@example.net','1-001-422-0185x32899','1983-08-15 19:33:20','2007-10-26 04:54:20'),(89,'al53@example.com','553.598.5084','1970-06-30 20:02:43','2000-06-09 13:56:32'),(90,'alberta.collins@example.com','546.118.2071x3715','1984-02-08 16:10:23','2012-09-07 21:19:37'),(91,'delores64@example.net','1-886-534-2546','1985-03-17 09:26:24','2005-01-11 17:08:49'),(92,'alberto25@example.com','(492)572-3926','1989-05-10 15:50:51','2017-11-17 23:23:40'),(93,'nvandervort@example.com','(152)604-9343','1982-05-16 23:53:38','1974-04-09 02:26:27'),(94,'andy.gusikowski@example.com','(715)944-6428','2018-03-07 06:20:07','2016-09-17 00:27:42'),(95,'constance50@example.org','(729)995-2179x1567','1999-10-31 04:25:21','1990-10-17 11:36:55'),(96,'rozella08@example.org','984-935-2502x518','1996-11-14 17:27:47','2001-07-23 04:13:22'),(97,'grady.arielle@example.org','101-489-3796','2009-03-04 13:14:01','1995-06-06 14:07:57'),(98,'darryl65@example.org','734.912.3631','1999-03-03 02:09:27','2001-11-30 05:50:31'),(99,'hilpert.braeden@example.net','154.174.0449x756','1983-11-05 01:05:50','1973-11-06 21:54:50'),(100,'gusikowski.melvin@example.org','+23(2)8324893403','1987-07-26 16:12:19','1983-03-22 03:50:51');
/*!40000 ALTER TABLE `users` ENABLE KEYS */;
UNLOCK TABLES;
/*!40103 SET TIME_ZONE=@OLD_TIME_ZONE */;

/*!40101 SET SQL_MODE=@OLD_SQL_MODE */;
/*!40014 SET FOREIGN_KEY_CHECKS=@OLD_FOREIGN_KEY_CHECKS */;
/*!40014 SET UNIQUE_CHECKS=@OLD_UNIQUE_CHECKS */;
/*!40101 SET CHARACTER_SET_CLIENT=@OLD_CHARACTER_SET_CLIENT */;
/*!40101 SET CHARACTER_SET_RESULTS=@OLD_CHARACTER_SET_RESULTS */;
/*!40101 SET COLLATION_CONNECTION=@OLD_COLLATION_CONNECTION */;
/*!40111 SET SQL_NOTES=@OLD_SQL_NOTES */;

-- Dump completed on 2021-03-25  0:25:04
